"Day","Date","Close","Daily_Return","Volatility"
1,2020-10-30,3269.9599609375,NA,0.021709742957838
2,2020-11-02,3310.23999023438,0.0123182026012718,0.015225452683925
3,2020-11-03,3369.15991210938,0.0177992900964345,0.0158021559151944
4,2020-11-04,3443.43994140625,0.0220470477016834,0.0235462443093717
5,2020-11-05,3510.44995117188,0.019460194138963,0.0123374664775642
6,2020-11-06,3509.43994140625,-0.000287715187418591,0.0106113769878201
7,2020-11-09,3550.5,0.0116998892356873,0.0277453907240177
8,2020-11-10,3545.53002929688,-0.0013997945931911,0.0127794880368664
9,2020-11-11,3572.65991210938,0.0076518553187604,0.00676244386639938
10,2020-11-12,3537.01000976562,-0.00997853230387707,0.0142606159629139
11,2020-11-13,3585.14990234375,0.0136103354090635,0.0114611229290965
12,2020-11-16,3626.90991210938,0.0116480512400123,0.00781659824568454
13,2020-11-17,3609.53002929688,-0.00479192569809158,0.00953868661620662
14,2020-11-18,3567.7900390625,-0.0115638296109441,0.014507582901158
15,2020-11-19,3581.8701171875,0.0039464424674216,0.0115525916514783
16,2020-11-20,3557.5400390625,-0.00679256291518021,0.00685301712554294
17,2020-11-23,3577.59008789062,0.00563593061721624,0.0103533490848693
18,2020-11-24,3635.40991210938,0.0161616682734161,0.0131457085219781
19,2020-11-25,3629.64990234375,-0.00158441823752493,0.00488752103141404
20,2020-11-27,3638.35009765625,0.00239697919815409,0.00411724547299607
21,2020-11-30,3621.6298828125,-0.00459554864017094,0.0109867767690275
22,2020-12-01,3662.44995117188,0.0112711871947762,0.00889563937220505
23,2020-12-02,3669.01000976562,0.00179116675482513,0.00711905199968193
24,2020-12-03,3666.71997070312,-0.000624157213091465,0.00697082373292025
25,2020-12-04,3699.1201171875,0.00883627512961182,0.007639657234789
26,2020-12-07,3691.9599609375,-0.00193563767143739,0.00501902227893329
27,2020-12-08,3702.25,0.00278714806535633,0.00800050592123033
28,2020-12-09,3672.82006835938,-0.00794920160459855,0.0141171776865143
29,2020-12-10,3668.10009765625,-0.00128510806826248,0.00908101134291118
30,2020-12-11,3663.4599609375,-0.00126499729975058,0.00887412722188057
31,2020-12-14,3647.48999023438,-0.00435925897195781,0.0141933273757726
32,2020-12-15,3694.6201171875,0.0129212491547089,0.00965455736817496
33,2020-12-16,3701.169921875,0.00177279516695914,0.00613318265603306
34,2020-12-17,3722.47998046875,0.00575765475337982,0.00382809311930956
35,2020-12-18,3709.40991210938,-0.00351111850915291,0.011015192240648
36,2020-12-21,3694.919921875,-0.00390627905184391,0.0179760111935782
37,2020-12-22,3687.26000976562,-0.00207309286028801,0.00599363690049478
38,2020-12-23,3690.01000976562,0.000745811250824918,0.00595119278250815
39,2020-12-24,3703.06005859375,0.00353658900479619,0.00391568048332071
40,2020-12-28,3735.36010742188,0.00872252902114449,0.00467959713817648
41,2020-12-29,3727.0400390625,-0.0022273805256001,0.0088032482210744
42,2020-12-30,3732.0400390625,0.00134154716547067,0.00386381757003398
43,2020-12-31,3756.07006835938,0.0064388455229198,0.0088709922213802
44,2021-01-04,3700.64990234375,-0.014754827521051,0.0289895105259568
45,2021-01-05,3726.86010742188,0.00708259515754926,0.0114734678880139
46,2021-01-06,3748.13989257812,0.00570984274775226,0.0207302697868168
47,2021-01-07,3803.7900390625,0.0148474038001011,0.0123140571402751
48,2021-01-08,3824.67993164062,0.00549186268526893,0.0112662613656972
49,2021-01-11,3799.61010742188,-0.00655475089859248,0.00759027560072306
50,2021-01-12,3801.18994140625,0.00041578844663274,0.00901560302418663
51,2021-01-13,3809.84008789062,0.00227564173790665,0.0077325977620785
52,2021-01-14,3795.5400390625,-0.00375345119433673,0.00809897667209639
53,2021-01-15,3768.25,-0.00719002797537097,0.0103787867793405
54,2021-01-19,3798.90991210938,0.00813637951552445,0.0063596959834091
55,2021-01-20,3851.85009765625,0.0139356254219463,0.0113010704449173
56,2021-01-21,3853.07006835938,0.000316723307552212,0.00425632081763128
57,2021-01-22,3841.46997070312,-0.00301061165523763,0.0057009807837614
58,2021-01-25,3855.36010742188,0.00361583894308241,0.0160996811270328
59,2021-01-26,3849.6201171875,-0.00148883374689826,0.00600575442331338
60,2021-01-27,3750.77001953125,-0.025677883699462,0.0278209799888747
61,2021-01-28,3787.3798828125,0.00976062597562974,0.0197365995260266
62,2021-01-29,3714.23999023438,-0.0193114751731246,0.0225967982309428
63,2021-02-01,3773.86010742188,0.0160517676144394,0.015554352705452
64,2021-02-02,3826.31005859375,0.013898223484417,0.0133941053430561
65,2021-02-03,3830.169921875,0.0010087690809533,0.00804927163907851
66,2021-02-04,3871.73999023438,0.0108533222304208,0.00923615993218085
67,2021-02-05,3886.830078125,0.00389749516462533,0.00505042066634272
68,2021-02-08,3915.59008789062,0.0073993483603736,0.00591990763086039
69,2021-02-09,3911.22998046875,-0.00111352499214846,0.00401669172014328
70,2021-02-10,3909.8798828125,-0.000345184932359358,0.0119083092036725
71,2021-02-11,3916.3798828125,0.00166245516353928,0.0090900522220751
72,2021-02-12,3934.830078125,0.00471103311337873,0.00799270884573021
73,2021-02-16,3932.59008789062,-0.000569272418351134,0.00675886207062887
74,2021-02-17,3931.330078125,-0.000320402009226659,0.00843993638841816
75,2021-02-18,3913.96997070312,-0.00441583562735457,0.00944053006243099
76,2021-02-19,3906.7099609375,-0.00185489664457512,0.00699817596478015
77,2021-02-22,3876.5,-0.0077328394581538,0.00727717294918096
78,2021-02-23,3881.3701171875,0.00125631811879273,0.0232881404888083
79,2021-02-24,3925.42993164062,0.011351613765979,0.0175903801341426
80,2021-02-25,3829.34008789062,-0.0244788075251262,0.0289814897401507
81,2021-02-26,3811.14990234375,-0.00475021416990283,0.0187712477587158
82,2021-03-01,3901.82006835938,0.0237907635068002,0.0184503613629332
83,2021-03-02,3870.2900390625,-0.00808085169087068,0.00977700466065482
84,2021-03-03,3819.71997070312,-0.0130662218719981,0.014558623068647
85,2021-03-04,3768.46997070312,-0.0134172139301002,0.0319306867030504
86,2021-03-05,3841.93994140625,0.0194959681977821,0.0316246484466199
87,2021-03-08,3821.35009765625,-0.00535923103016118,0.0161749269274385
88,2021-03-09,3875.43994140625,0.0141546423038221,0.0133739856399872
89,2021-03-10,3898.81005859375,0.00603031334270139,0.00811019688373969
90,2021-03-11,3939.34008789062,0.0103954870044358,0.0113546887221665
91,2021-03-12,3943.34008789062,0.001015398495879,0.00755198096870335
92,2021-03-15,3968.93994140625,0.0064919213014972,0.0117260628151532
93,2021-03-16,3962.7099609375,-0.00156968373437836,0.00696495527765559
94,2021-03-17,3974.1201171875,0.00287938213053084,0.0121108888342275
95,2021-03-18,3915.4599609375,-0.0147605393194592,0.0150071793229513
96,2021-03-19,3913.10009765625,-0.000602703974703642,0.0110833140234456
97,2021-03-22,3940.59008789062,0.00702511807731167,0.0104426356374465
98,2021-03-23,3910.52001953125,-0.00763085418394059,0.0121620178941894
99,2021-03-24,3889.13989257812,-0.00546733601831498,0.0136302656190864
100,2021-03-25,3909.52001953125,0.00524026584695953,0.0168921091930917
101,2021-03-26,3974.5400390625,0.0166312026045197,0.0153652557575329
102,2021-03-29,3971.09008789062,-0.000868012685233575,0.00971523618732434
103,2021-03-30,3958.55004882812,-0.00315783293376783,0.00597691372283627
104,2021-03-31,3972.88989257812,0.00362249903957766,0.00690427683180137
105,2021-04-01,4019.8701171875,0.0118252017749448,0.00692804809701417
106,2021-04-05,4077.90991210938,0.0144382264177437,0.0120110501517711
107,2021-04-06,4073.93994140625,-0.000973530751951178,0.00444044049514894
108,2021-04-07,4079.94995117188,0.00147523278498565,0.00363235441515486
109,2021-04-08,4097.169921875,0.0042206328286402,0.00381968593984701
110,2021-04-09,4128.7998046875,0.00771993434873824,0.00822756546940307
111,2021-04-12,4127.990234375,-0.000196078848768807,0.00410367768440586
112,2021-04-13,4141.58984375,0.00329448680904136,0.00569100879323403
113,2021-04-14,4124.66015625,-0.00408772672782852,0.00747208813604909
114,2021-04-15,4170.419921875,0.0110941905251664,0.00808802695696767
115,2021-04-16,4185.47021484375,0.00360881955550976,0.00491224582624763
116,2021-04-19,4163.259765625,-0.0053065600944861,0.00728752118724576
117,2021-04-20,4134.93994140625,-0.00680231977177589,0.0098672032839428
118,2021-04-21,4173.419921875,0.00930605547215357,0.0116618798937285
119,2021-04-22,4134.97998046875,-0.00921065747656182,0.0135139427703264
120,2021-04-23,4180.169921875,0.010928696540177,0.0132506902240723
121,2021-04-26,4187.6201171875,0.00178227092480447,0.00282501224894902
122,2021-04-27,4186.72021484375,-0.000214895888014406,0.00409148018818336
123,2021-04-28,4183.18017578125,-0.000845539916889841,0.00472128839067074
124,2021-04-29,4211.47021484375,0.00676280673404572,0.0099655760153719
125,2021-04-30,4181.169921875,-0.00719470669932642,0.00556064461249491
126,2021-05-03,4192.66015625,0.00274809074725366,0.00509470139874278
127,2021-05-04,4164.66015625,-0.00667833760822718,0.0121138804655617
128,2021-05-05,4167.58984375,0.000703463761767776,0.00642584189940416
129,2021-05-06,4201.6201171875,0.00816545646605174,0.0131782778174063
130,2021-05-07,4232.60009765625,0.00737334161696834,0.00859989167507367
131,2021-05-10,4188.43017578125,-0.0104356473221882,0.011522277292649
132,2021-05-11,4152.10009765625,-0.00867391280271815,0.0121649894555196
133,2021-05-12,4063.0400390625,-0.0214494006645028,0.0191605538975228
134,2021-05-13,4112.5,0.0121731414069236,0.013760507693769
135,2021-05-14,4173.85009765625,0.0149179568768997,0.0128298341901569
136,2021-05-17,4163.2900390625,-0.00253005219322079,0.0070208849718604
137,2021-05-18,4127.830078125,-0.00851729295936465,0.0104557763163436
138,2021-05-19,4115.68017578125,-0.00294341145681774,0.0134899363654602
139,2021-05-20,4159.1201171875,0.0105547417561434,0.0122212363220041
140,2021-05-21,4155.85986328125,-0.000783880680141228,0.00890309134985768
141,2021-05-24,4197.0498046875,0.00991129219013862,0.00937798337234185
142,2021-05-25,4188.1298828125,-0.00212528378029675,0.00737797136391564
143,2021-05-26,4195.990234375,0.0018768165702687,0.00440897117644403
144,2021-05-27,4200.8798828125,0.00116531454183146,0.00371353099622684
145,2021-05-28,4204.10986328125,0.000768881891140272,0.00351799537678032
146,2021-06-01,4202.0400390625,-0.000492333522686424,0.00869346153247272
147,2021-06-02,4208.1201171875,0.00144693483843064,0.00453886702954087
148,2021-06-03,4192.85009765625,-0.00362870334163744,0.00869574635112299
149,2021-06-04,4229.89013671875,0.00883409571050606,0.00647780196160255
150,2021-06-07,4226.52001953125,-0.000796738704451151,0.00394643522872746
151,2021-06-08,4227.259765625,0.000175024864505916,0.00670175946019996
152,2021-06-09,4219.5498046875,-0.00182386731948565,0.00434871259360783
153,2021-06-10,4239.18017578125,0.00465224301226226,0.0069353953844582
154,2021-06-11,4247.43994140625,0.00194843466955914,0.00379755406433356
155,2021-06-14,4255.14990234375,0.0018152018730952,0.00505740573778534
156,2021-06-15,4246.58984375,-0.00201169378052583,0.0044294502850173
157,2021-06-16,4223.7001953125,-0.00539012461285572,0.0117053623884382
158,2021-06-17,4221.85986328125,-0.000435715592051826,0.00858395009512085
159,2021-06-18,4166.4501953125,-0.0131244687799006,0.00969167538782288
160,2021-06-21,4224.7900390625,0.0140022899627207,0.0125072090074743
161,2021-06-22,4246.43994140625,0.0051244919022187,0.00908286111447445
162,2021-06-23,4241.83984375,-0.00108328334315889,0.00357625993290426
163,2021-06-24,4266.490234375,0.00581124972488537,0.00335394423200788
164,2021-06-25,4280.7001953125,0.00333059731931664,0.00349474624592529
165,2021-06-28,4290.60986328125,0.00231496426206194,0.00407173231788304
166,2021-06-29,4291.7998046875,0.000277336193260878,0.00314086888536301
167,2021-06-30,4297.5,0.0013281596467464,0.00336712387289122
168,2021-07-01,4319.93994140625,0.00522162685427574,0.00461353075542116
169,2021-07-02,4352.33984375,0.00750008166391383,0.00662404112730311
170,2021-07-06,4343.5400390625,-0.00202185605982414,0.00969021659095482
171,2021-07-07,4358.1298828125,0.00335897531018248,0.00736321417967721
172,2021-07-08,4320.81982421875,-0.00856102493431704,0.009606918898199
173,2021-07-09,4369.5498046875,0.011277947808796,0.00966237180737879
174,2021-07-12,4384.6298828125,0.0034511743312372,0.00516586148212606
175,2021-07-13,4369.2099609375,-0.0035168126585656,0.00582489638631126
176,2021-07-14,4374.2998046875,0.00116493457524478,0.00716007450299523
177,2021-07-15,4360.02978515625,-0.00326224085417242,0.00649532815467569
178,2021-07-16,4327.16015625,-0.00753885421107784,0.0121465480120568
179,2021-07-19,4258.490234375,-0.0158695124274094,0.014857382792739
180,2021-07-20,4323.06005859375,0.0151626094378555,0.017300254460686
181,2021-07-21,4358.68994140625,0.00824181999083539,0.0065547935008156
182,2021-07-22,4367.47998046875,0.0020166699583279,0.00453580982221785
183,2021-07-23,4411.7900390625,0.0101454520208228,0.00770208467943563
184,2021-07-26,4422.2998046875,0.00238219986262839,0.00390742055478327
185,2021-07-27,4401.4599609375,-0.00471244480709119,0.00996717397791704
186,2021-07-28,4400.64013671875,-0.000186261882653905,0.0064673430079586
187,2021-07-29,4419.14990234375,0.00420615298000746,0.0059695578735084
188,2021-07-30,4395.259765625,-0.00540604805147695,0.00514192536081796
189,2021-08-02,4387.16015625,-0.0018428056148914,0.00851806541283023
190,2021-08-03,4423.14990234375,0.00820342654746228,0.0114827758913591
191,2021-08-04,4402.66015625,-0.00463238790141226,0.0036205250554308
192,2021-08-05,4429.10009765625,0.00600544681349433,0.00471876947527323
193,2021-08-06,4436.52001953125,0.00167526624176464,0.00264847221431934
194,2021-08-09,4432.35009765625,-0.000939908274197438,0.00330522229087829
195,2021-08-10,4436.75,0.000992679334170059,0.0034214629585282
196,2021-08-11,4442.41015625,0.00127574378768243,0.00293084588619811
197,2021-08-12,4460.830078125,0.00414638028167776,0.00578593179783226
198,2021-08-13,4468,0.00160730665580826,0.00168985966176141
199,2021-08-16,4479.7099609375,0.00262085070221576,0.00950945702879498
200,2021-08-17,4448.080078125,-0.00706069881494752,0.00995711369503257
201,2021-08-18,4400.27001953125,-0.0107484707455859,0.0128923861983346
202,2021-08-19,4405.7998046875,0.00125669223290962,0.0115483873684789
203,2021-08-20,4441.669921875,0.00814156765573788,0.00845409353446475
204,2021-08-23,4479.52978515625,0.00852379036424838,0.00883794631329124
205,2021-08-24,4486.22998046875,0.00149573630131947,0.00234724333869298
206,2021-08-25,4496.18994140625,0.0022201182241797,0.00356964561031872
207,2021-08-26,4470,-0.00582491881961257,0.00602005994826622
208,2021-08-27,4509.3701171875,0.00880763248042506,0.00869965858850765
209,2021-08-30,4528.7900390625,0.00430657084477959,0.00521112647146155
210,2021-08-31,4522.68017578125,-0.00134911603950507,0.00344714448630162
211,2021-09-01,4524.08984375,0.000311688625761934,0.00333544298879177
212,2021-09-02,4536.9501953125,0.00284263841052283,0.00467052546182744
213,2021-09-03,4535.43017578125,-0.000335031125715345,0.00444288410228452
214,2021-09-07,4520.02978515625,-0.00339557440598172,0.00495126888012893
215,2021-09-08,4514.06982421875,-0.00131856673977514,0.00616734894100098
216,2021-09-09,4493.27978515625,-0.00460560865739336,0.0084192571871383
217,2021-09-10,4458.580078125,-0.00772257875992544,0.0140874577765045
218,2021-09-13,4468.72998046875,0.00227648761845686,0.0105824337718296
219,2021-09-14,4443.0498046875,-0.00574663850657548,0.0113030951826754
220,2021-09-15,4480.7001953125,0.00847399697956979,0.0108242011038227
221,2021-09-16,4473.75,-0.00155114044893496,0.00940381391450126
222,2021-09-17,4432.990234375,-0.00911087245040514,0.00987149792636971
223,2021-09-20,4357.72998046875,-0.0169773110084148,0.0222684837053767
224,2021-09-21,4354.18994140625,-0.000812358516559396,0.0107735668129465
225,2021-09-22,4395.64013671875,0.00951961119526013,0.0112201687774118
226,2021-09-23,4448.97998046875,0.0121347157844948,0.0131827750633237
227,2021-09-24,4455.47998046875,0.0014610090466883,0.00737296493312802
228,2021-09-27,4443.10986328125,-0.00277638262133961,0.00475114591599594
229,2021-09-28,4352.6298828125,-0.0203641105560983,0.0168197073742908
230,2021-09-29,4359.4599609375,0.0015691842194004,0.00699392731369259
231,2021-09-30,4307.5400390625,-0.0119097141251951,0.0177153478831292
232,2021-10-01,4357.0400390625,0.011491477630182,0.0198919268810871
233,2021-10-04,4300.4599609375,-0.0129858981367484,0.017805031302293
234,2021-10-05,4345.72021484375,0.0105245146606093,0.0136593844855666
235,2021-10-06,4363.5498046875,0.0041027928541854,0.0172060806463344
236,2021-10-07,4399.759765625,0.00829828065640544,0.0105097179933031
237,2021-10-08,4391.33984375,-0.001913723094789,0.0058751555574137
238,2021-10-11,4361.18994140625,-0.00686576384805677,0.0126777415809301
239,2021-10-12,4350.64990234375,-0.0024167805585421,0.00753917086067534
240,2021-10-13,4363.7998046875,0.00302251448379378,0.0098423844435677
241,2021-10-14,4438.259765625,0.0170631019455835,0.0119371067189641
242,2021-10-15,4471.3701171875,0.00746021037771262,0.00629111034766984
243,2021-10-18,4486.4599609375,0.00337476955709753,0.00920097036765354
244,2021-10-19,4519.6298828125,0.0073933395514063,0.00530790058384638
245,2021-10-20,4536.18994140625,0.00366402980401681,0.00363084770622372
246,2021-10-21,4549.77978515625,0.00299587184962256,0.00539582262148033
247,2021-10-22,4544.89990234375,-0.00107255362741307,0.00784834047865509
248,2021-10-25,4566.47998046875,0.00474819656949351,0.0077215391411024
249,2021-10-26,4574.7900390625,0.00181979525351975,0.0064177509854128
250,2021-10-27,4551.68017578125,-0.00505156806846284,0.00723022415851118
251,2021-10-28,4596.419921875,0.00982928157646113,0.00755152086351173
252,2021-10-29,4605.3798828125,0.0019493347191492,0.00879194233815792
253,2021-11-01,4613.669921875,0.00180007714313402,0.00547932244489139
254,2021-11-02,4630.64990234375,0.00368036308541321,0.00470993468599539
255,2021-11-03,4660.56982421875,0.00646127919535795,0.0090697105988184
256,2021-11-04,4680.06005859375,0.00418194236115047,0.00436108853187085
257,2021-11-05,4697.52978515625,0.00373279965294917,0.00791483555862399
258,2021-11-08,4701.7001953125,0.000887787911303533,0.00436645985567472
259,2021-11-09,4685.25,-0.00349877589577075,0.00803792070193693
260,2021-11-10,4646.7099609375,-0.00822582339522971,0.0116190239607955
261,2021-11-11,4649.27001953125,0.000550940044735113,0.00349296685835152
262,2021-11-12,4682.85009765625,0.00722265602641544,0.0080506944545094
263,2021-11-15,4682.7998046875,-1.07398203447024e-05,0.00524473810927499
264,2021-11-16,4700.89990234375,0.00386522986486241,0.00755818549120467
265,2021-11-17,4688.669921875,-0.0026016253744634,0.00364492362114622
266,2021-11-18,4704.5400390625,0.00338478021527127,0.00765643808580018
267,2021-11-19,4697.9599609375,-0.00139866555930327,0.00500851121590966
268,2021-11-22,4682.93994140625,-0.00319713655632192,0.013166975665181
269,2021-11-23,4690.7001953125,0.00165713291294521,0.0099622611812727
270,2021-11-24,4701.4599609375,0.00229385063572224,0.0091418369667833
271,2021-11-26,4594.6201171875,-0.0227248226375825,0.0172374875422194
272,2021-11-29,4655.27001953125,0.013200199537035,0.0102443960258834
273,2021-11-30,4567,-0.0189613103345052,0.0188351258005802
274,2021-12-01,4513.0400390625,-0.0118151874178892,0.0316128198819696
275,2021-12-02,4577.10009765625,0.0141944361315831,0.0198225904028643
276,2021-12-03,4538.43017578125,-0.00844856373029756,0.0248785733382609
277,2021-12-06,4591.669921875,0.0117308725774514,0.015700242669406
278,2021-12-07,4686.75,0.0207070803744042,0.0132436814890382
279,2021-12-08,4701.2099609375,0.00308528531231664,0.00649620827749837
280,2021-12-09,4667.4501953125,-0.00718108016989476,0.00627318641464146
281,2021-12-10,4712.02001953125,0.00954907333848174,0.00919554451469848
282,2021-12-13,4668.97021484375,-0.0091361676115677,0.00914542288050963
283,2021-12-14,4634.08984375,-0.00747067757743605,0.0116420261867091
284,2021-12-15,4709.85009765625,0.0163484646307468,0.0215250763209957
285,2021-12-16,4668.669921875,-0.00874341537998043,0.0171569416978789
286,2021-12-17,4620.64013671875,-0.0102876806370926,0.0143876126470994
287,2021-12-20,4568.02001953125,-0.01138805785141,0.0124342284938866
288,2021-12-21,4649.22998046875,0.0177779345515726,0.0146217719395107
289,2021-12-22,4696.56005859375,0.0101801972205789,0.0111017715238931
290,2021-12-23,4725.7900390625,0.00622369992166183,0.00778288352497278
291,2021-12-27,4791.18994140625,0.0138389352474754,0.0120011940046617
292,2021-12-28,4786.35009765625,-0.00101015484862607,0.00563685896732907
293,2021-12-29,4793.06005859375,0.00140189513942695,0.00542033276260935
294,2021-12-30,4778.72998046875,-0.00298975559450935,0.00703117727797504
295,2021-12-31,4766.18017578125,-0.00262617991365751,0.00442284541237358
296,2022-01-03,4796.56005859375,0.00637405253097052,0.00802037593062655
297,2022-01-04,4793.5400390625,-0.000629621957060495,0.00925205532755366
298,2022-01-05,4700.580078125,-0.0193927577906871,0.0209038570289488
299,2022-01-06,4696.0498046875,-0.00096376901620769,0.0114457900225734
300,2022-01-07,4677.02978515625,-0.00405021674009177,0.00966638294264992
301,2022-01-10,4670.2900390625,-0.00144103125345498,0.0194377189418567
302,2022-01-11,4713.06982421875,0.00915998466871181,0.0160956374742071
303,2022-01-12,4726.35009765625,0.00281775444302936,0.00891176411336666
304,2022-01-13,4659.02978515625,-0.0142436152864307,0.0201414989981338
305,2022-01-14,4662.85009765625,0.000819980269748775,0.0108045255063685
306,2022-01-18,4577.10986328125,-0.0183879456940074,0.0138821310740724
307,2022-01-19,4532.759765625,-0.00968954186833877,0.0179470374741519
308,2022-01-20,4482.72998046875,-0.0110373784941483,0.0276973336582202
309,2022-01-21,4397.93994140625,-0.0189148218679086,0.0225515075473125
310,2022-01-24,4410.1298828125,0.00277173894338181,0.0441551577035558
311,2022-01-25,4356.4501953125,-0.0121719062536468,0.0284405644019677
312,2022-01-26,4349.93017578125,-0.0014966358477518,0.0341224272076027
313,2022-01-27,4326.509765625,-0.00538408875771062,0.0275603756456042
314,2022-01-28,4431.85009765625,0.024347646888076,0.0316482396325692
315,2022-01-31,4515.5498046875,0.0188859517327795,0.0227813049655022
316,2022-02-01,4546.5400390625,0.00686300355780146,0.0147277817072864
317,2022-02-02,4589.3798828125,0.00942251544733643,0.0111104845702491
318,2022-02-03,4477.43994140625,-0.024391082077444,0.0161899985354092
319,2022-02-04,4500.52978515625,0.00515692986442339,0.0195888396385625
320,2022-02-07,4483.8701171875,-0.00370171263474298,0.0112379812796868
321,2022-02-08,4521.5400390625,0.00840120719166335,0.014579086175397
322,2022-02-09,4587.18017578125,0.0145172078875055,0.00938044365107624
323,2022-02-10,4504.080078125,-0.0181157256684597,0.0232255780240919
324,2022-02-11,4418.64013671875,-0.0189694543445635,0.0282711236963879
325,2022-02-14,4401.669921875,-0.00384059672629325,0.0139447919047059
326,2022-02-15,4471.06982421875,0.0157667211707205,0.00972703090867055
327,2022-02-16,4475.009765625,0.000881207755895077,0.0133786588279966
328,2022-02-17,4380.259765625,-0.021173138152195,0.0187774251758934
329,2022-02-18,4348.8701171875,-0.00716616139614294,0.0154936526032826
330,2022-02-22,4304.759765625,-0.0101429452648328,0.0220709770298774
331,2022-02-23,4225.5,-0.0184121228454876,0.0283990060347888
332,2022-02-24,4288.7001953125,0.0149568560673293,0.0419894303457783
333,2022-02-25,4384.64990234375,0.0223726776556034,0.0224669626581459
334,2022-02-28,4373.93994140625,-0.0024426034406476,0.0168543069978228
335,2022-03-01,4306.259765625,-0.0154735036804118,0.022968924689485
336,2022-03-02,4386.5400390625,0.0186426917573209,0.0179913829971257
337,2022-03-03,4363.490234375,-0.00525466643008831,0.0163217339187425
338,2022-03-04,4328.8701171875,-0.00793404255033443,0.0131997808139077
339,2022-03-07,4201.08984375,-0.0295181583134492,0.0302682572137624
340,2022-03-08,4170.7001953125,-0.0072337535181998,0.0285491209252044
341,2022-03-09,4277.8798828125,0.0256982478914357,0.0178358922591666
342,2022-03-10,4259.52001953125,-0.00429181365166786,0.0137292418395971
343,2022-03-11,4204.31005859375,-0.0129615451234751,0.0215301749843533
344,2022-03-14,4173.10986328125,-0.00742100246596365,0.0205720942384914
345,2022-03-15,4262.4501953125,0.021408574170871,0.0195075364012913
346,2022-03-16,4357.85986328125,0.0223837613571823,0.024532608051387
347,2022-03-17,4411.669921875,0.0123478175714521,0.0174582461732576
348,2022-03-18,4463.1201171875,0.0116622948279488,0.0167663150800779
349,2022-03-21,4461.18017578125,-0.000434660362103918,0.0128778020722822
350,2022-03-22,4511.60986328125,0.0113041136006502,0.0117252829803144
351,2022-03-23,4456.240234375,-0.0122726987891591,0.0101564914018483
352,2022-03-24,4520.16015625,0.0143439129205665,0.0122584497749233
353,2022-03-25,4543.06005859375,0.00506617056744913,0.00989640470467758
354,2022-03-28,4575.52001953125,0.00714495527658677,0.0126674040743106
355,2022-03-29,4631.60009765625,0.0122565474275305,0.0102857862149211
356,2022-03-30,4602.4501953125,-0.00629370017469791,0.0100924927682669
357,2022-03-31,4530.41015625,-0.0156525407131774,0.0160382096681713
358,2022-04-01,4545.85986328125,0.00341022258435831,0.00904787484233217
359,2022-04-04,4582.64013671875,0.00809093868787931,0.00966474297373314
360,2022-04-05,4525.1201171875,-0.0125517208018073,0.017520037343622
361,2022-04-06,4481.14990234375,-0.00971691661327188,0.0120281408831155
362,2022-04-07,4500.2099609375,0.00425338562849262,0.0157460101145454
363,2022-04-08,4488.27978515625,-0.00265102648205433,0.0102065960204295
364,2022-04-11,4412.52978515625,-0.0168772901035542,0.0126843823314312
365,2022-04-12,4397.4501953125,-0.00341744771774181,0.0203891237575752
366,2022-04-13,4446.58984375,0.011174577597236,0.0137677925587287
367,2022-04-14,4392.58984375,-0.012144137844398,0.0158653422889934
368,2022-04-18,4391.68994140625,-0.000204868284033035,0.00911044596500782
369,2022-04-19,4462.2099609375,0.0160576043555272,0.0180179559114377
370,2022-04-20,4459.4501953125,-0.000618475071580939,0.00886438276159061
371,2022-04-21,4393.66015625,-0.0147529484983719,0.029239795977336
372,2022-04-22,4271.77978515625,-0.0277400542507537,0.0276722974691394
373,2022-04-25,4296.1201171875,0.00569793698538224,0.0228578793501677
374,2022-04-26,4175.2001953125,-0.0281463084310039,0.0246934500942016
375,2022-04-27,4183.9599609375,0.00209804685170177,0.0185972283005106
376,2022-04-28,4287.5,0.0247469000729395,0.0279464285714286
377,2022-04-29,4131.93017578125,-0.036284507106414,0.0351894597535178
378,2022-05-02,4155.3798828125,0.00567524281235372,0.0258219589674436
379,2022-05-03,4175.47998046875,0.00483712638148635,0.0126979460515334
380,2022-05-04,4300.169921875,0.0298624210844024,0.036917145806829
381,2022-05-05,4146.8701171875,-0.0356497086098069,0.0396492789766378
382,2022-05-06,4123.33984375,-0.00567422484248404,0.0217736186438671
383,2022-05-09,3991.23999023438,-0.0320371006323568,0.0265055570001662
384,2022-05-10,4001.05004882812,0.0024578974498534,0.0276552767733519
385,2022-05-11,3935.17993164062,-0.0164632075039383,0.0305627751768667
386,2022-05-12,3930.080078125,-0.00129596450587173,0.0269536318687845
387,2022-05-13,4023.88989257812,0.0238696954230716,0.0186337058096562
388,2022-05-16,4008.01000976562,-0.00394640092955568,0.0155862811098064
389,2022-05-17,4088.85009765625,0.0201696322348637,0.013889000013733
390,2022-05-18,3923.67993164062,-0.0403952607874525,0.0356986479018962
391,2022-05-19,3900.7900390625,-0.00583378180099261,0.0177861105360017
392,2022-05-20,3901.36010742188,0.00014614176965854,0.0341162696728298
393,2022-05-23,3973.75,0.0185550399309235,0.0183302532242844
394,2022-05-24,3941.47998046875,-0.00812079761717521,0.0204364982766056
395,2022-05-25,3978.72998046875,0.00945076473420777,0.0186743129573652
396,2022-05-26,4057.84008789062,0.0198832561672242,0.0223123122057134
397,2022-05-27,4158.240234375,0.0247422629551096,0.0194938960150191
398,2022-05-31,4132.14990234375,-0.00627436861765912,0.0153576134548037
399,2022-06-01,4101.22998046875,-0.00748276868113189,0.0226005227328549
400,2022-06-02,4176.81982421875,0.0184310180384862,0.0246933439262709
401,2022-06-03,4108.5400390625,-0.0163473139924156,0.0107094003177927
402,2022-06-06,4121.43017578125,0.00313740077891302,0.0144609047910662
403,2022-06-07,4160.68017578125,0.00952339317323503,0.0203500192992127
404,2022-06-08,4115.77001953125,-0.0107939457859356,0.0128627064085275
405,2022-06-09,4017.82006835938,-0.0237986939763536,0.0253695222899496
406,2022-06-10,3900.86010742188,-0.0291103033355247,0.0190291316336923
407,2022-06-13,3749.6298828125,-0.0387684306652373,0.0276960278110782
408,2022-06-14,3735.47998046875,-0.00377367974599576,0.0194084830809085
409,2022-06-15,3789.98999023438,0.0145925048589833,0.0304116923956565
410,2022-06-16,3666.77001953125,-0.0325119514881634,0.0241111145881675
411,2022-06-17,3674.84008789062,0.00220086569825469,0.019276986768331
412,2022-06-21,3764.7900390625,0.024477242280087,0.0170898889665629
413,2022-06-22,3759.88989257812,-0.00130157231440063,0.0223677022623083
414,2022-06-23,3795.72998046875,0.00953221740917784,0.0155596048448252
415,2022-06-24,3911.73999023438,0.0305632935858357,0.0234933565556958
416,2022-06-27,3900.11010742188,-0.00297307153377625,0.00975871386844234
417,2022-06-28,3821.55004882812,-0.020143036075892,0.0328977020416891
418,2022-06-29,3818.830078125,-0.00071174540915906,0.00981451902860057
419,2022-06-30,3785.3798828125,-0.00875927826799868,0.0212184961208432
420,2022-07-01,3825.330078125,0.0105538140290473,0.0203171933181828
421,2022-07-05,3831.38989257812,0.00158412851423667,0.0235240696821518
422,2022-07-06,3845.080078125,0.00357316429043011,0.0160048148989095
423,2022-07-07,3902.6201171875,0.0149645879652417,0.0132679542464835
424,2022-07-08,3899.3798828125,-0.000830271529819084,0.0126071102551613
425,2022-07-11,3854.42993164062,-0.0115274614227773,0.00874836780046802
426,2022-07-12,3818.80004882812,-0.00924387871732157,0.0186052696603749
427,2022-07-13,3801.78002929688,-0.00445690251221007,0.018509717160014
428,2022-07-14,3790.3798828125,-0.00299863390215225,0.0197473223871391
429,2022-07-15,3863.15991210938,0.0192012493594366,0.0120212951582213
430,2022-07-18,3830.85009765625,-0.00836357158083137,0.0218776659115494
431,2022-07-19,3936.68994140625,0.0276282916459597,0.0200879620447709
432,2022-07-20,3959.89990234375,0.00589580619326322,0.0131568612339894
433,2022-07-21,3998.94995117188,0.00986137270919712,0.0179172401153403
434,2022-07-22,3961.6298828125,-0.00933246697634676,0.0185731217102336
435,2022-07-25,3966.84008789062,0.00131516704796918,0.00802656199523183
436,2022-07-26,3921.05004882812,-0.0115432026620586,0.0108338276583452
437,2022-07-27,4023.61010742188,0.0261562737829378,0.0219032472332649
438,2022-07-28,4072.42993164062,0.0121333386971809,0.0211126973114334
439,2022-07-29,4130.2900390625,0.0142077600825818,0.014751974090046
440,2022-08-01,4118.6298828125,-0.00282308412719767,0.0118802070527
441,2022-08-02,4091.18994140625,-0.00666239555070484,0.0148270202847511
442,2022-08-03,4155.169921875,0.0156384771631401,0.0143676904759555
443,2022-08-04,4151.93994140625,-0.000777340164055791,0.00623085053073717
444,2022-08-05,4145.18994140625,-0.00162574605973558,0.0106798530723616
445,2022-08-08,4140.06005859375,-0.00123755072385409,0.0139248951773255
446,2022-08-09,4122.47021484375,-0.00424869289359409,0.00611525605369486
447,2022-08-10,4210.240234375,0.0212906376412902,0.00802092461506845
448,2022-08-11,4207.27001953125,-0.000705473958350246,0.0134291356955252
449,2022-08-12,4280.14990234375,0.017322368774567,0.014179510314409
450,2022-08-15,4297.14013671875,0.00396954189985178,0.0104465144934807
451,2022-08-16,4305.2001953125,0.00187567971658112,0.0110354370225869
452,2022-08-17,4274.0400390625,-0.00723779495409462,0.0114879826130548
453,2022-08-18,4283.740234375,0.0022695611701915,0.00713157264820873
454,2022-08-19,4228.47998046875,-0.0129000011398479,0.0112593327865235
455,2022-08-22,4137.990234375,-0.0214000649197158,0.0157613264289399
456,2022-08-23,4128.72998046875,-0.00223786267771332,0.0086564717344248
457,2022-08-24,4140.77001953125,0.00291616044630098,0.00883648296751871
458,2022-08-25,4199.1201171875,0.0140916055180615,0.0126098310681251
459,2022-08-26,4057.65991210938,-0.0336880587195188,0.0358285637786606
460,2022-08-29,4030.61010742188,-0.00666635579950271,0.0113059976392813
461,2022-08-30,3986.15991210938,-0.0110281555714482,0.0200117459635576
462,2022-08-31,3955,-0.00781702510597122,0.0153830816411188
463,2022-09-01,3966.85009765625,0.00299623202433628,0.0167841174952232
464,2022-09-02,3924.26000976562,-0.010736500458081,0.0285964667029867
465,2022-09-06,3908.18994140625,-0.00409505698383497,0.014277721826398
466,2022-09-07,3979.8701171875,0.018341016392734,0.0205684760735606
467,2022-09-08,4006.17993164062,0.00661072187745605,0.016397152031898
468,2022-09-09,4067.36010742188,0.015271449816333,0.0132444917009441
469,2022-09-12,4110.41015625,0.0105842727693498,0.00866333575667726
470,2022-09-13,3932.68994140625,-0.0432366134006168,0.0294556879938526
471,2022-09-14,3946.01000976562,0.00338701208532397,0.0126102087025827
472,2022-09-15,3901.35009765625,-0.0113177391843534,0.0181629080978452
473,2022-09-16,3873.330078125,-0.00718213408944845,0.0113261385324825
474,2022-09-19,3899.88989257812,0.0068571007162865,0.015885051342032
475,2022-09-20,3855.92993164062,-0.0112721030973618,0.0125702415662159
476,2022-09-21,3789.92993164062,-0.0171164936007845,0.031024340883817
477,2022-09-22,3757.98999023438,-0.00842758097968938,0.011029819472534
478,2022-09-23,3693.22998046875,-0.017232619015461,0.0215718821455273
479,2022-09-26,3655.0400390625,-0.010340526208282,0.0194005842211138
480,2022-09-27,3647.2900390625,-0.00212035980924243,0.0258383592270053
481,2022-09-28,3719.0400390625,0.0196721399262348,0.0258480365370663
482,2022-09-29,3640.46997070312,-0.0211264378802389,0.0210440157557675
483,2022-09-30,3585.6201171875,-0.0150666957719833,0.0243500582159369
484,2022-10-03,3678.42993164062,0.0258838949525761,0.0253967501764968
485,2022-10-04,3790.92993164062,0.0305837006795515,0.017267520665878
486,2022-10-05,3783.28002929688,-0.00201794875708486,0.022269036219256
487,2022-10-06,3744.52001953125,-0.01024508084664,0.0156789016032152
488,2022-10-07,3639.65991210938,-0.0280036177867736,0.0236313314547506
489,2022-10-10,3612.38989257812,-0.00749246363390188,0.0177361320687962
490,2022-10-11,3588.84008789062,-0.00651917577775436,0.0201206961494743
491,2022-10-12,3577.03002929688,-0.00329077314801493,0.0096392762113679
492,2022-10-13,3669.90991210938,0.025965642460865,0.0528159651398544
493,2022-10-14,3583.07006835938,-0.0236626636156544,0.0369292438704561
494,2022-10-17,3677.94995117188,0.0264800523021711,0.0138881928256595
495,2022-10-18,3719.97998046875,0.0114275696664886,0.0205001129484615
496,2022-10-19,3695.15991210938,-0.00667209729345034,0.016797667715534
497,2022-10-20,3665.78002929688,-0.00795090970656492,0.0217034459127135
498,2022-10-21,3752.75,0.0237248198222648,0.0294370716682766
499,2022-10-24,3797.34008789062,0.0118819766546199,0.0181943376920458
500,2022-10-25,3859.11010742188,0.0162666545796699,0.0164312897235166
501,2022-10-26,3830.60009765625,-0.00738771607236453,0.016206294680136
502,2022-10-27,3807.30004882812,-0.00608261061821126,0.0147505873950389
503,2022-10-28,3901.06005859375,0.0246263778959276,0.0249060282718126
504,2022-10-31,3871.97998046875,-0.00745440410765754,0.00789003274351293
505,2022-11-01,3856.10009765625,-0.00410123060878469,0.0176318011754154
506,2022-11-02,3759.68994140625,-0.0250019848573429,0.0361093632404289
507,2022-11-03,3719.88989257812,-0.0105859923154297,0.0140972413327349
508,2022-11-04,3770.55004882812,0.0136187246700706,0.023206163256524
509,2022-11-07,3806.80004882812,0.00961398192055994,0.0129373750573427
510,2022-11-08,3828.11010742188,0.0055978928024628,0.0191007758384774
511,2022-11-09,3748.57006835938,-0.0207778869547898,0.0197355202436241
512,2022-11-10,3956.3701171875,0.055434484360345,0.0248814399641796
513,2022-11-11,3992.92993164062,0.00924074678814797,0.0141900591994847
514,2022-11-14,3957.25,-0.00893577704880104,0.0132844951315623
515,2022-11-15,3991.72998046875,0.00871311655031904,0.0189567346453477
516,2022-11-16,3958.7900390625,-0.00825204649799029,0.00726231998067986
517,2022-11-17,3946.56005859375,-0.00308932283553139,0.0121092896986163
518,2022-11-18,3965.34008789062,0.00475858190881473,0.0110734290467209
519,2022-11-21,3949.93994140625,-0.00388368869832982,0.00725578427381647
520,2022-11-22,4003.580078125,0.0135799879275261,0.0122390458149518
521,2022-11-23,4027.26000976562,0.00591468914784765,0.00872059839750548
522,2022-11-25,4026.1201171875,-0.000283044197633353,0.0032934958172306
523,2022-11-28,3963.93994140625,-0.0154441929131232,0.0142534954704576
524,2022-11-29,3957.6298828125,-0.00159186533777589,0.0098847336274152
525,2022-11-30,4080.11010742188,0.030947872397389,0.0346877965473105
526,2022-12-01,4076.57006835938,-0.000867633218049811,0.0121768171784369
527,2022-12-02,4071.69995117188,-0.00119466048806564,0.0132254582366148
528,2022-12-05,3998.84008789062,-0.0178942122835648,0.0169949183872838
529,2022-12-06,3941.26000976562,-0.014399194981406,0.0210897319592074
530,2022-12-07,3933.919921875,-0.00186237088454905,0.00886905107669821
531,2022-12-08,3963.51000976562,0.00752178195750402,0.00967825568416272
532,2022-12-09,3934.3798828125,-0.00734957824790445,0.0111783767146834
533,2022-12-12,3990.56005859375,0.0142792962181093,0.0138852470068828
534,2022-12-13,4019.64990234375,0.00728966443879336,0.026850580090991
535,2022-12-14,3995.32006835938,-0.00605272463410033,0.0220533288733626
536,2022-12-15,3895.75,-0.024921675023714,0.0202580160471347
537,2022-12-16,3852.36010742188,-0.0111377507740807,0.0163536113559648
538,2022-12-19,3817.65991210938,-0.0090075160018523,0.014359599760442
539,2022-12-20,3821.6201171875,0.0010373383615349,0.0111523049753676
540,2022-12-21,3878.43994140625,0.0148679938027347,0.0129768873272152
541,2022-12-22,3822.38989257812,-0.0144516995686163,0.0232236956527154
542,2022-12-23,3844.82006835938,0.00586810252528198,0.012689810757079
543,2022-12-27,3829.25,-0.00404962211040968,0.00873015124126787
544,2022-12-28,3783.21997070312,-0.0120206383226154,0.0178525276313625
545,2022-12-29,3849.28002929688,0.0174613316448191,0.0137012609716547
546,2022-12-30,3839.5,-0.00254074248234454,0.010290404939608
547,2023-01-03,3824.13989257812,-0.0040005488792486,0.0219996875573979
548,2023-01-04,3852.96997070312,0.00753897057504442,0.0148949753085285
549,2023-01-05,3808.10009765625,-0.0116455288746221,0.00980018051057644
550,2023-01-06,3895.080078125,0.0228407810294386,0.0248081890164927
551,2023-01-09,3892.09008789062,-0.00076763254526318,0.015454458947782
552,2023-01-10,3919.25,0.00697823315906203,0.0108541274638005
553,2023-01-11,3969.61010742188,0.0128494246148817,0.0104619920276874
554,2023-01-12,3983.169921875,0.00341590586636521,0.0151135784695665
555,2023-01-13,3999.09008789062,0.00399685836353446,0.0140732086699654
556,2023-01-17,3990.96997070312,-0.00203049118900521,0.0077223894053305
557,2023-01-18,3928.86010742188,-0.0155625985004111,0.0222888628824744
558,2023-01-19,3898.85009765625,-0.00763835029629437,0.00959254688099769
559,2023-01-20,3972.61010742188,0.0189184010459815,0.0189044108243391
560,2023-01-23,4019.81005859375,0.0118813449836653,0.0168341700302372
561,2023-01-24,4016.94995117188,-0.000711503125815739,0.00849646702781129
562,2023-01-25,4016.21997070312,-0.000181725059466335,0.0175513270559317
563,2023-01-26,4060.42993164062,0.0110078534691814,0.0118903737066502
564,2023-01-27,4070.56005859375,0.00249484097094908,0.0111802821013645
565,2023-01-30,4017.77001953125,-0.0129687409846834,0.0120216061629531
566,2023-01-31,4076.60009765625,0.0146424702855102,0.0139135478939263
567,2023-02-01,4119.2099609375,0.0104523039445904,0.0271290478514942
568,2023-02-02,4179.759765625,0.01469937324431,0.0128141476058592
569,2023-02-03,4136.47998046875,-0.0103546106913105,0.014263335076824
570,2023-02-06,4111.080078125,-0.00614046301775445,0.00760140873107309
571,2023-02-07,4164,0.0128725105980266,0.0211695836898115
572,2023-02-08,4117.85986328125,-0.0110807244761647,0.0109717613715123
573,2023-02-09,4081.5,-0.00882979617773521,0.0212079036123362
574,2023-02-10,4090.4599609375,0.00219526177569521,0.00820691772562443
575,2023-02-13,4137.2900390625,0.0114486093427662,0.0111739762096122
576,2023-02-14,4136.1298828125,-0.000280414531987438,0.0156571509117091
577,2023-02-15,4147.60009765625,0.00277317569049607,0.0106398596232643
578,2023-02-16,4090.40991210938,-0.0137887414891306,0.0115025266022451
579,2023-02-17,4079.09008789062,-0.00276740582532779,0.00822733939938663
580,2023-02-21,3997.34008789062,-0.0200412342553274,0.0142995479476862
581,2023-02-22,3991.05004882812,-0.00157355614588681,0.0101402423794793
582,2023-02-23,4012.32006835938,0.00532942941607446,0.0147321515768419
583,2023-02-24,3970.0400390625,-0.0105375514855581,0.00885883304172044
584,2023-02-27,3982.23999023438,0.00307300456716702,0.0111746153192995
585,2023-02-28,3970.14990234375,-0.00303600182818551,0.00718361276847844
586,2023-03-01,3951.38989257812,-0.00472526484568005,0.00827049026521213
587,2023-03-02,3981.35009765625,0.0075821940867944,0.0157434473843807
588,2023-03-03,4045.63989257812,0.0161477371607489,0.0131302139087937
589,2023-03-06,4048.419921875,0.000687166769829185,0.00836866813875591
590,2023-03-07,3986.3701171875,-0.0153269191153377,0.0174820549416064
591,2023-03-08,3992.01000976562,0.00141479401368383,0.00767781199665616
592,2023-03-09,3918.32006835938,-0.0184593578738487,0.027846144653405
593,2023-03-10,3861.59008789062,-0.0144781384570514,0.0227186155112264
594,2023-03-13,3855.76000976562,-0.0015097610031894,0.0249470768830597
595,2023-03-14,3919.2900390625,0.0164766554806238,0.0162427775478509
596,2023-03-15,3891.92993164062,-0.00698088356543768,0.0143938921088528
597,2023-03-16,3960.28002929688,0.0175620062171667,0.0253390802603021
598,2023-03-17,3916.63989257812,-0.0110194573100676,0.0147166689200481
599,2023-03-20,3951.57006835938,0.00891840371830999,0.010054288275817
600,2023-03-21,4002.8701171875,0.012982193897785,0.00946574223231914
601,2023-03-22,3936.96997070312,-0.0164632237757137,0.0262435500215214
602,2023-03-23,3948.71997070312,0.00298452873337551,0.0224401486908862
603,2023-03-24,3970.98999023438,0.00563980725310448,0.016011140365843
604,2023-03-27,3977.53002929688,0.00164695430574832,0.00838210840523024
605,2023-03-28,3971.27001953125,-0.00157384349571626,0.00696752468074836
606,2023-03-29,4027.81005859375,0.0142372688798365,0.00771140101988676
607,2023-03-30,4050.830078125,0.00571526938866802,0.00635672183315052
608,2023-03-31,4109.31005859375,0.0144365424717638,0.0132796181308474
609,2023-04-03,4124.509765625,0.00369884647654246,0.00699964815894313
610,2023-04-04,4100.60009765625,-0.00579697208332998,0.011281218485909
611,2023-04-05,4090.3798828125,-0.00249237053122822,0.006632607139131
612,2023-04-06,4105.02001953125,0.00357916309442721,0.00913022010850139
613,2023-04-10,4109.10986328125,0.000996302997437517,0.00899220327547274
614,2023-04-11,4108.93994140625,-4.13524779462363e-05,0.00526897512557473
615,2023-04-12,4091.94995117188,-0.00413488405200693,0.0115910938176716
616,2023-04-13,4146.22021484375,0.0132626899936381,0.0122665610232588
617,2023-04-14,4137.64013671875,-0.00206937347280367,0.0120817046533663
618,2023-04-17,4151.31982421875,0.00330615690296555,0.00687493141241437
619,2023-04-18,4154.8701171875,0.000855220295973737,0.00700867087686772
620,2023-04-19,4154.52001953125,-8.42619976980139e-05,0.00675880479856688
621,2023-04-20,4129.7900390625,-0.00595254815297298,0.00823286406291936
622,2023-04-21,4133.52001953125,0.000903188886957735,0.00584493510031187
623,2023-04-24,4137.0400390625,0.000851579166090304,0.00595598217230059
624,2023-04-25,4071.6298828125,-0.0158108588827733,0.0135204560711996
625,2023-04-26,4055.98999023438,-0.00384118719732985,0.00994080959662825
626,2023-04-27,4135.35009765625,0.019566149722497,0.0152224585164331
627,2023-04-28,4169.47998046875,0.00825320275346057,0.0102842280124533
628,2023-05-01,4167.8701171875,-0.000386106490207686,0.00547037312738657
629,2023-05-02,4119.580078125,-0.0115862629364003,0.0180552691154334
630,2023-05-03,4090.75,-0.00699830506465645,0.0145302688420522
631,2023-05-04,4061.21997070312,-0.00721873233438245,0.00845314422086238
632,2023-05-05,4136.25,0.0184747513895153,0.0150595440465397
633,2023-05-08,4138.1201171875,0.000452128664249018,0.0044681511338817
634,2023-05-09,4119.169921875,-0.00457942127725853,0.00332596022313734
635,2023-05-10,4137.64013671875,0.00448396526340495,0.0133795742142891
636,2023-05-11,4130.6201171875,-0.00169662399321586,0.00569158260939463
637,2023-05-12,4124.080078125,-0.00158330683455661,0.010819410957652
638,2023-05-15,4136.27978515625,0.00295816443913392,0.00748981743931515
639,2023-05-16,4109.89990234375,-0.00637768337315303,0.00624837012857792
640,2023-05-17,4158.77001953125,0.0118908290587882,0.0122752170588298
641,2023-05-18,4198.0498046875,0.00944504864942673,0.0116006711635774
642,2023-05-19,4191.97998046875,-0.00144586760547064,0.00780298596126462
643,2023-05-22,4192.6298828125,0.000155034696438919,0.00704570636764244
644,2023-05-23,4145.580078125,-0.0112220267475502,0.0104062968042489
645,2023-05-24,4115.240234375,-0.0073186003353534,0.0070421114730259
646,2023-05-25,4151.27978515625,0.00875758126590233,0.00867449455828346
647,2023-05-26,4205.4501953125,0.0130490867779973,0.013484872796903
648,2023-05-30,4205.52001953125,1.66032684985374e-05,0.00925448498503118
649,2023-05-31,4179.830078125,-0.00610862420983396,0.00700747124046703
650,2023-06-01,4221.02001953125,0.00985445356303266,0.0144017414703593
651,2023-06-02,4282.3701171875,0.0145344247059655,0.0115964185465162
652,2023-06-05,4273.7900390625,-0.00200358163591779,0.00759512298002838
653,2023-06-06,4283.85009765625,0.00235389630791427,0.00589195088521171
654,2023-06-07,4267.52001953125,-0.00381200969985724,0.00825537555946128
655,2023-06-08,4293.93017578125,0.00618864261424154,0.00860282768793022
656,2023-06-09,4298.85986328125,0.00114805953944118,0.00719258660630061
657,2023-06-12,4338.93017578125,0.00932114881023709,0.00824160891654848
658,2023-06-13,4369.009765625,0.00693248995147381,0.00596475173820584
659,2023-06-14,4372.58984375,0.000819425525932158,0.012342737025665
660,2023-06-15,4425.83984375,0.0121781374203467,0.0173074716574803
661,2023-06-16,4409.58984375,-0.00367161952842637,0.00930478227938929
662,2023-06-20,4388.7099609375,-0.00473510769762281,0.00751017069500287
663,2023-06-21,4365.68994140625,-0.00524528158300362,0.005973873196455
664,2023-06-22,4381.89013671875,0.0037107984144384,0.00694453188733681
665,2023-06-23,4348.330078125,-0.00765880876668452,0.00579761896741071
666,2023-06-26,4328.81982421875,-0.00448683829325644,0.00784971004767624
667,2023-06-27,4378.41015625,0.0114558549546931,0.011287184185898
668,2023-06-28,4376.85986328125,-0.000354076688438387,0.00688390392967989
669,2023-06-29,4396.43994140625,0.00447354467280595,0.00600938992164403
670,2023-06-30,4450.3798828125,0.012269004495714,0.00809819386468281
671,2023-07-03,4455.58984375,0.00117067780160094,0.00318025724357834
672,2023-07-05,4446.81982421875,-0.00196831841322917,0.00392419661742553
673,2023-07-06,4411.58984375,-0.0079225113365009,0.0085162750461099
674,2023-07-07,4398.9501953125,-0.00286510053862031,0.00977283953358012
675,2023-07-10,4409.52978515625,0.00240502605713144,0.00514344542077888
676,2023-07-11,4439.259765625,0.00674221105588847,0.0079247842294935
677,2023-07-12,4472.16015625,0.00741123348531238,0.00561470573592005
678,2023-07-13,4510.0400390625,0.00847015345806915,0.00621280948474118
679,2023-07-14,4505.419921875,-0.0010244071333035,0.00625906297753357
680,2023-07-17,4522.7900390625,0.00385538251454953,0.00617985691820742
681,2023-07-18,4554.97998046875,0.00711727520584229,0.0104742416304956
682,2023-07-19,4565.72021484375,0.00235791033573209,0.00458858500448367
683,2023-07-20,4534.8701171875,-0.00675689621890372,0.00819873002323359
684,2023-07-21,4536.33984375,0.00032409452189813,0.00423468293804459
685,2023-07-24,4554.64013671875,0.00403415387715351,0.00485661139486549
686,2023-07-25,4567.4599609375,0.00281467335155608,0.0061741527136916
687,2023-07-26,4566.75,-0.000155438896798622,0.00764003650708929
688,2023-07-27,4537.41015625,-0.00642466606448787,0.0173027702855687
689,2023-07-28,4582.22998046875,0.00987784279475231,0.00570691360679476
690,2023-07-31,4588.9599609375,0.00146871294051931,0.00459365047950722
691,2023-08-01,4576.72998046875,-0.00266508763921564,0.0037341796663083
692,2023-08-02,4513.39013671875,-0.0138395413363479,0.0100102526953489
693,2023-08-03,4501.89013671875,-0.00254797384042686,0.00754132026359154
694,2023-08-04,4478.02978515625,-0.00530007415505054,0.0146917377103164
695,2023-08-07,4518.43994140625,0.00902409277936279,0.00634952368036145
696,2023-08-08,4499.3798828125,-0.00421828304479312,0.00865006353957197
697,2023-08-09,4467.7099609375,-0.00703873038059715,0.00920155149745297
698,2023-08-10,4468.830078125,0.000250713944569704,0.0155410239589238
699,2023-08-11,4464.0498046875,-0.00106969237002309,0.00722438176342381
700,2023-08-14,4489.72021484375,0.005750475751703,0.00821657808359309
701,2023-08-15,4437.85986328125,-0.0115509094288417,0.0105186232146447
702,2023-08-16,4404.330078125,-0.00755539521057766,0.0105351755663039
703,2023-08-17,4370.35986328125,-0.00771291302903703,0.0128913511730131
704,2023-08-18,4369.7099609375,-0.000148706826000835,0.0106436733881124
705,2023-08-21,4399.77001953125,0.00687918851879605,0.0107391976831175
706,2023-08-22,4387.5498046875,-0.0027774667288296,0.0081639698267314
707,2023-08-23,4436.009765625,0.0110448799659726,0.0105365490259273
708,2023-08-24,4376.31005859375,-0.0134579746631461,0.0189086236788694
709,2023-08-25,4405.7099609375,0.00671796603762512,0.0141112153151749
710,2023-08-28,4433.31005859375,0.00626461975503647,0.00554440763225048
711,2023-08-29,4497.6298828125,0.0145083071945463,0.0152213416224214
712,2023-08-30,4514.8701171875,0.00383318210350808,0.00621503118925374
713,2023-08-31,4507.66015625,-0.00159693651209426,0.0055171925221043
714,2023-09-01,4515.77001953125,0.00179912926000099,0.0088356807745253
715,2023-09-05,4496.830078125,-0.00419417758750611,0.00406514658546363
716,2023-09-06,4465.47998046875,-0.00697159935145287,0.0107424543506104
717,2023-09-07,4451.14013671875,-0.00321126593618604,0.00614451507168491
718,2023-09-08,4457.490234375,0.00142662272164073,0.00564216656041118
719,2023-09-11,4487.4599609375,0.00672345310627521,0.0050986266198841
720,2023-09-12,4461.89990234375,-0.00569588560482891,0.00678629862143358
721,2023-09-13,4467.43994140625,0.00124163230546475,0.00579081476792202
722,2023-09-14,4505.10009765625,0.0084299188671679,0.00739168769769938
723,2023-09-15,4450.31982421875,-0.0121596129386779,0.0114081732407092
724,2023-09-18,4453.52978515625,0.000721287697129387,0.0054451190785399
725,2023-09-19,4443.9501953125,-0.00215101061537279,0.00747988454282453
726,2023-09-20,4402.2001953125,-0.00939479475805964,0.0135500203755535
727,2023-09-21,4330,-0.0164009341032194,0.0107460215790993
728,2023-09-22,4320.06005859375,-0.002295598477194,0.00946969889628497
729,2023-09-25,4337.43994140625,0.00402306509094168,0.00825592303207548
730,2023-09-26,4273.52978515625,-0.0147345339908683,0.0110049040302946
731,2023-09-27,4274.509765625,0.00022931406074526,0.0125020047529208
732,2023-09-28,4299.7001953125,0.00589317397051654,0.0123008894379218
733,2023-09-29,4288.0498046875,-0.002709582086142,0.0135936012214177
734,2023-10-02,4288.39013671875,7.93675555908806e-05,0.00941381635076446
735,2023-10-03,4229.4501953125,-0.0137440716742595,0.0152974273353441
736,2023-10-04,4263.75,0.00810975495716074,0.0112623909777191
737,2023-10-05,4258.18994140625,-0.00130403015977719,0.00968010519250988
738,2023-10-06,4308.5,0.0118148930146445,0.0242660538397934
739,2023-10-09,4335.66015625,0.00630385429964025,0.0133635800127756
740,2023-10-10,4358.240234375,0.00520799078139232,0.010513377362118
741,2023-10-11,4376.9501953125,0.00429300817103377,0.00760810415535753
742,2023-10-12,4349.60986328125,-0.00624643434611848,0.0138908830387424
743,2023-10-13,4327.77978515625,-0.00501885888876753,0.0150492599082531
744,2023-10-16,4373.6298828125,0.0105943693839299,0.00936520968508665
745,2023-10-17,4373.2001953125,-9.8245053082472e-05,0.0128120787189909
746,2023-10-18,4314.60009765625,-0.0133998205065164,0.0139897905243382
747,2023-10-19,4278,-0.00848284819632106,0.0163277460627045
748,2023-10-20,4224.16015625,-0.0125852837190276,0.0126724062198015
749,2023-10-23,4217.0400390625,-0.0016855698941635,0.0157977226417467
750,2023-10-24,4247.68017578125,0.00726579222272731,0.0094050647360479
751,2023-10-25,4186.77001953125,-0.0143396286277126,0.0121812279542667
752,2023-10-26,4137.22998046875,-0.0118325197781096,0.013463161481342
753,2023-10-27,4117.3701171875,-0.00480028022976858,0.0128529640644497
754,2023-10-30,4166.81982421875,0.0120100223258598,0.0106868727989334
755,2023-10-31,4193.7998046875,0.00647495730723336,0.0101172419943783
756,2023-11-01,4237.85986328125,0.0105059994863139,0.0113028518849282
757,2023-11-02,4317.77978515625,0.0188585570201277,0.0119182662801984
758,2023-11-03,4358.33984375,0.00939373025303147,0.00903787637745522
759,2023-11-06,4365.97998046875,0.0017529924220357,0.00565283759697868
760,2023-11-07,4378.3798828125,0.00284011891928526,0.00704589601649262
761,2023-11-08,4382.77978515625,0.00100491562210533,0.00717362752150668
762,2023-11-09,4347.35009765625,-0.00808383930673279,0.0113770365455878
763,2023-11-10,4415.240234375,0.0156164410948525,0.0146515111233596
764,2023-11-13,4411.5498046875,-0.000835838933240379,0.00633336188941183
765,2023-11-14,4495.7001953125,0.0190750177036618,0.0110549424721582
766,2023-11-15,4502.8798828125,0.00159701207555744,0.00574296093927736
767,2023-11-16,4508.240234375,0.00119042739357993,0.00535911020574738
768,2023-11-17,4514.02001953125,0.00128204906033613,0.00453253659686353
769,2023-11-20,4547.3798828125,0.00739027809732979,0.0102806453836634
770,2023-11-21,4538.18994140625,-0.00202093109506526,0.00366453835305905
771,2023-11-22,4556.6201171875,0.00406112922094641,0.00513107752949595
772,2023-11-24,4559.33984375,0.00059687366788406,0.00164722397619584
773,2023-11-27,4550.43017578125,-0.00195415746009008,0.00312062700974464
774,2023-11-28,4554.89013671875,0.00098011853060338,0.00606608946964731
775,2023-11-29,4550.580078125,-0.000946248639238284,0.0088978182297329
776,2023-11-30,4567.7998046875,0.00378407285815639,0.00714784004111662
777,2023-12-01,4594.6298828125,0.0058737421236077,0.00972443415918847
778,2023-12-04,4569.77978515625,-0.00540850912697207,0.00561294056817948
779,2023-12-05,4567.18017578125,-0.000568869726161458,0.0058854439233727
780,2023-12-06,4549.33984375,-0.00390620280886954,0.00972453936053565
781,2023-12-07,4585.58984375,0.00796818906589297,0.00560444957070851
782,2023-12-08,4604.3701171875,0.00409549786994074,0.00763837853601633
783,2023-12-11,4622.43994140625,0.00392449428669901,0.00655926839571355
784,2023-12-12,4643.7001953125,0.00459935752021521,0.00771805468135699
785,2023-12-13,4707.08984375,0.013650676351046,0.014119118849143
786,2023-12-14,4719.5498046875,0.00264706248469936,0.00937165244549817
787,2023-12-15,4719.18994140625,-7.624949330815e-05,0.0044159790152015
788,2023-12-18,4740.56005859375,0.0045283443669004,0.00505002386012415
789,2023-12-19,4768.3701171875,0.00586640781891067,0.00523653280866288
790,2023-12-20,4698.35009765625,-0.0146842669110068,0.017067681151784
791,2023-12-21,4746.75,0.0103014678212026,0.00850263091193975
792,2023-12-22,4754.6298828125,0.00166005852688682,0.00760730546151459
793,2023-12-26,4774.75,0.00423168946551069,0.00550186282658778
794,2023-12-27,4781.580078125,0.00143045774647887,0.00344869982423599
795,2023-12-28,4783.35009765625,0.000370174608043807,0.00257556398073109
796,2023-12-29,4769.830078125,-0.00282647501337495,0.00763967286242918
797,2024-01-02,4742.830078125,-0.00566057900549229,0.00667537224157023
798,2024-01-03,4704.81005859375,-0.00801631492273082,0.00628719921880149
799,2024-01-04,4688.68017578125,-0.00342838129735702,0.0083712257028621
800,2024-01-05,4697.240234375,0.00182568617880269,0.00838372515111308
801,2024-01-08,4763.5400390625,0.0141146293098466,0.0135865793743779
802,2024-01-09,4756.5,-0.00147790067990812,0.00738360500105119
803,2024-01-10,4783.4501953125,0.00566597189372438,0.00723319109894895
804,2024-01-11,4780.240234375,-0.000671055578386825,0.0123257240193292
805,2024-01-12,4783.830078125,0.000750975594110357,0.00698601775757445
806,2024-01-16,4765.97998046875,-0.00373134023674316,0.0073898184018465
807,2024-01-17,4739.2099609375,-0.0056168971839905,0.00620570865026249
808,2024-01-18,4780.93994140625,0.00880526096389599,0.00945843608117969
809,2024-01-19,4839.81005859375,0.0123135027649362,0.0116119654182419
810,2024-01-22,4850.43017578125,0.00219432520262702,0.00502230744071609
811,2024-01-23,4864.60009765625,0.00292137426196795,0.00454505259166164
812,2024-01-24,4868.5498046875,0.00081192841178311,0.00775184313379381
813,2024-01-25,4894.16015625,0.00526036552770643,0.00588661949629062
814,2024-01-26,4890.97021484375,-0.000651785251076498,0.00515638522720092
815,2024-01-29,4927.93017578125,0.00755677489618095,0.00850461649314172
816,2024-01-30,4924.97021484375,-0.000600649934539858,0.0030091195626084
817,2024-01-31,4845.64990234375,-0.0161057446115979,0.012712453210137
818,2024-02-01,4906.18994140625,0.0124936882116097,0.0108944406863261
819,2024-02-02,4958.60986328125,0.0106844460775147,0.0135723129149277
820,2024-02-05,4942.81005859375,-0.00318633752667221,0.00791049973451218
821,2024-02-06,4954.22998046875,0.00231041082696368,0.00462032178744036
822,2024-02-07,4995.06005859375,0.00824145796339007,0.00617416641030987
823,2024-02-08,4997.91015625,0.000570583260825173,0.00266312482170282
824,2024-02-09,5026.60986328125,0.00574234152555951,0.00591257639882745
825,2024-02-12,5021.83984375,-0.000948953601132722,0.00628456095290026
826,2024-02-13,4953.169921875,-0.0136742556536255,0.0102943664154465
827,2024-02-14,5000.6201171875,0.00957976327501762,0.00921282223786698
828,2024-02-15,5029.72998046875,0.00582125068472953,0.00661671174530892
829,2024-02-16,5005.56982421875,-0.00480346983711209,0.00782731580162606
830,2024-02-20,4975.509765625,-0.0060053220011653,0.007776075865342
831,2024-02-21,4981.7998046875,0.00126419992298214,0.00746918029554062
832,2024-02-22,5087.02978515625,0.0211228842174141,0.0109219055009019
833,2024-02-23,5088.7998046875,0.000347947546211513,0.00581671490180929
834,2024-02-26,5069.52978515625,-0.00378675135019059,0.00567113740690132
835,2024-02-27,5078.18017578125,0.00170634969939986,0.00460793070229141
836,2024-02-28,5069.759765625,-0.00165815506043059,0.00375166090910527
837,2024-02-29,5096.27001953125,0.00522909469714919,0.00845718486090231
838,2024-03-01,5137.080078125,0.00800782894888754,0.00898758072150818
839,2024-03-04,5130.9501953125,-0.00119326207091897,0.0043831542380388
840,2024-03-05,5078.64990234375,-0.0101931008834446,0.0113652675324426
841,2024-03-06,5104.759765625,0.00514110320327466,0.00700326786007391
842,2024-03-07,5157.35986328125,0.0103041279259515,0.00725374168988058
843,2024-03-08,5123.68994140625,-0.00652851900343799,0.0140054855866834
844,2024-03-11,5117.93994140625,-0.00112223808734645,0.00654951404569233
845,2024-03-12,5175.27001953125,0.0112017879813665,0.0126351159402254
846,2024-03-13,5165.31005859375,-0.00192452971534075,0.005277563901686
847,2024-03-14,5150.47998046875,-0.00287109156212734,0.010397146124598
848,2024-03-15,5117.08984375,-0.00648291748446154,0.00635317467890609
849,2024-03-18,5149.419921875,0.00631805950495238,0.00585112173208223
850,2024-03-19,5178.509765625,0.00564914965012367,0.00940815351303483
851,2024-03-20,5224.6201171875,0.0089041739128467,0.0104582027962185
852,2024-03-21,5241.52978515625,0.003236535401516,0.00389961370898528
853,2024-03-22,5234.18017578125,-0.00140218784901571,0.00309880936799793
854,2024-03-25,5218.18994140625,-0.00305496445250154,0.00249128532038384
855,2024-03-26,5203.580078125,-0.00279979522503023,0.00609969173116616
856,2024-03-27,5248.490234375,0.00863062652553286,0.00673333514437001
857,2024-03-28,5254.35009765625,0.00111648550717896,0.00362181298996209
858,2024-04-01,5243.77001953125,-0.00201358454011645,0.00662691152940883
859,2024-04-02,5205.81005859375,-0.00723905907316914,0.00466594800599803
860,2024-04-03,5211.490234375,0.00109112236468812,0.00659693893039082
861,2024-04-04,5147.2099609375,-0.0123343363503796,0.0214737277078393
862,2024-04-05,5204.33984375,0.0110991941743318,0.0124838532444752
863,2024-04-08,5202.39013671875,-0.00037463099831796,0.00427106118121976
864,2024-04-09,5209.91015625,0.00144549319324848,0.0122900916747455
865,2024-04-10,5160.64013671875,-0.00945698064910848,0.00769865354223502
866,2024-04-11,5199.06005859375,0.00744479771058562,0.0140428779052704
867,2024-04-12,5123.41015625,-0.0145506882958017,0.0130947633907775
868,2024-04-15,5061.81982421875,-0.012021354947762,0.0229087492175598
869,2024-04-16,5051.41015625,-0.00205650701333619,0.00792051415098352
870,2024-04-17,5022.2099609375,-0.0057806027246414,0.0140794513744902
871,2024-04-18,5011.1201171875,-0.00220816011999822,0.0109296960061675
872,2024-04-19,4967.22998046875,-0.00875854812743611,0.0131783632315979
873,2024-04-22,5010.60009765625,0.00873124807146683,0.0138586077621184
874,2024-04-23,5070.5498046875,0.0119645762708726,0.00949801463452308
875,2024-04-24,5071.6298828125,0.000213010061354987,0.00837205433334059
876,2024-04-25,5048.419921875,-0.00457643035351562,0.0133051376300831
877,2024-04-26,5099.9599609375,0.010209142634743,0.00813339335729313
878,2024-04-29,5116.169921875,0.00317844866658918,0.00680984653818565
879,2024-04-30,5035.68994140625,-0.0157305135868621,0.0149969558114137
880,2024-05-01,5018.39013671875,-0.00343543881549405,0.0164733947785601
881,2024-05-02,5064.2001953125,0.00912843707757299,0.0122744271262294
882,2024-05-03,5127.7900390625,0.0125567397214786,0.00739107920859395
883,2024-05-06,5180.740234375,0.0103261239070117,0.00744682736050252
884,2024-05-07,5187.7001953125,0.00134342982327498,0.00410008649892088
885,2024-05-08,5187.669921875,-5.83561816609111e-06,0.00502929685661652
886,2024-05-09,5214.080078125,0.00509094769862584,0.0066914293441474
887,2024-05-10,5222.68017578125,0.00164939884454989,0.00574034393447524
888,2024-05-13,5221.419921875,-0.000241304055357263,0.00499856547941229
889,2024-05-14,5246.68017578125,0.00483781313975971,0.00617345361896906
890,2024-05-15,5308.14990234375,0.0117159278825961,0.0091368934359946
891,2024-05-16,5297.10009765625,-0.00208166779212868,0.00553138366815348
892,2024-05-17,5303.27001953125,0.00116477351027026,0.00412205139130974
893,2024-05-20,5308.1298828125,0.000916389937406875,0.00431789017620193
894,2024-05-21,5321.41015625,0.00250187424397827,0.00497043194465753
895,2024-05-22,5307.009765625,-0.00270612303922612,0.00700402143538782
896,2024-05-23,5267.83984375,-0.00738078948501558,0.0161260990369778
897,2024-05-24,5304.72021484375,0.00700104258816952,0.00626984351256302
898,2024-05-28,5306.0400390625,0.000248801852934081,0.00660002926352541
899,2024-05-29,5266.9501953125,-0.00736704650968043,0.00371558938152991
900,2024-05-30,5235.47998046875,-0.00597503558544335,0.00727915366373684
901,2024-05-31,5277.509765625,0.00802787620486459,0.016797676608989
902,2024-06-03,5283.39990234375,0.00111608258067381,0.0128307605548518
903,2024-06-04,5291.33984375,0.00150280909130649,0.00778062326191898
904,2024-06-05,5354.02978515625,0.0118476497933312,0.0105565381216124
905,2024-06-06,5352.9599609375,-0.000199816635633225,0.00504211400271207
906,2024-06-07,5346.990234375,-0.00111521973003035,0.00818217316327563
907,2024-06-10,5360.7900390625,0.00258085466451446,0.00639271810340163
908,2024-06-11,5375.31982421875,0.00271038131513746,0.00905996236597477
909,2024-06-12,5421.02978515625,0.00850367279199866,0.00703189591244817
910,2024-06-13,5433.740234375,0.0023446558536818,0.00725474690653559
911,2024-06-14,5431.60009765625,-0.000393860697500966,0.00527287285584745
912,2024-06-17,5473.22998046875,0.00766438656455276,0.0124423965189231
913,2024-06-18,5487.02978515625,0.00252132739474582,0.00347365684897722
914,2024-06-20,5473.169921875,-0.00252593184727087,0.00912994247863245
915,2024-06-21,5464.6201171875,-0.0015621303211012,0.00480916749452399
916,2024-06-24,5447.8701171875,-0.00306517189498998,0.00790589929156302
917,2024-06-25,5469.2998046875,0.00393359001573687,0.00481228405072847
918,2024-06-26,5477.89990234375,0.00157243120022041,0.00570839556923465
919,2024-06-27,5482.8701171875,0.000907321223891562,0.00424413109081391
920,2024-06-28,5460.47998046875,-0.00408365258344571,0.0132808873561742
921,2024-07-01,5475.08984375,0.00267556393091946,0.0060309548287949
922,2024-07-02,5509.009765625,0.00619531785651348,0.00930471496798745
923,2024-07-03,5537.02001953125,0.00508444440977901,0.00575220922877327
924,2024-07-05,5567.18994140625,0.00544876517848568,0.0069514774455
925,2024-07-08,5572.85009765625,0.00101669896475102,0.00369651027665605
926,2024-07-09,5576.97998046875,0.000741071936285687,0.0029012432961773
927,2024-07-10,5633.91015625,0.0102080652935148,0.008688494128398
928,2024-07-11,5584.5400390625,-0.00876302884112042,0.0118040894496508
929,2024-07-12,5615.35009765625,0.00551702707443068,0.0115968044832467
930,2024-07-15,5631.22021484375,0.00282620262521546,0.00926796314388108
931,2024-07-16,5667.2001953125,0.00638937549874319,0.00540829709335156
932,2024-07-17,5588.27001953125,-0.0139275432419937,0.00674272639825136
933,2024-07-18,5544.58984375,-0.00781640393692249,0.0164556348918392
934,2024-07-19,5505,-0.00714026553192689,0.0109827358651226
935,2024-07-22,5564.41015625,0.0107920356494096,0.00742573301724338
936,2024-07-23,5555.740234375,-0.00155810258977079,0.006198983385357
937,2024-07-24,5427.1298828125,-0.023149093754735,0.0162258984942728
938,2024-07-25,5399.22021484375,-0.00514262023784225,0.0186396635871264
939,2024-07-26,5459.10009765625,0.0110904687028464,0.0105547851982029
940,2024-07-29,5463.5400390625,0.000813310129293324,0.00792531813790459
941,2024-07-30,5436.43994140625,-0.00496017187803023,0.0161428741181493
942,2024-07-31,5522.2998046875,0.0157933986591675,0.0104593679568016
943,2024-08-01,5446.68017578125,-0.013693502993456,0.0285936073624263
944,2024-08-02,5346.56005859375,-0.0183818608686968,0.0153108448545196
945,2024-08-05,5186.330078125,-0.0299687983886397,0.0253802533026085
946,2024-08-06,5240.02978515625,0.0103540858800611,0.0226677690826729
947,2024-08-07,5199.5,-0.00773464785850286,0.0259832864037407
948,2024-08-08,5319.31005859375,0.0230426115191365,0.0177052449401489
949,2024-08-09,5344.16015625,0.00467167684953856,0.0108211723515373
950,2024-08-12,5344.39013671875,4.30339776552238e-05,0.00876247372048177
951,2024-08-13,5434.43017578125,0.0168475797535584,0.0109523938308203
952,2024-08-14,5455.2099609375,0.00382372842857673,0.0086724542102903
953,2024-08-15,5543.22021484375,0.0161332477643308,0.00813608262133985
954,2024-08-16,5554.25,0.00198977935726136,0.00662736797834991
955,2024-08-19,5608.25,0.00972228473691317,0.010263374548656
956,2024-08-20,5597.1201171875,-0.00198455539829715,0.00625496056757704
957,2024-08-21,5620.85009765625,0.0042396768287821,0.00731390285246033
958,2024-08-22,5570.64013671875,-0.00893280554812096,0.0147685037109055
959,2024-08-23,5634.60986328125,0.0114833708501192,0.0100556505851418
960,2024-08-26,5616.83984375,-0.00315372669313822,0.00877366540766431
961,2024-08-27,5625.7998046875,0.00159519608654499,0.00670130410276733
962,2024-08-28,5592.18017578125,-0.00597597320797616,0.0118164271834318
963,2024-08-29,5591.9599609375,-3.93790680607381e-05,0.0113091357621949
964,2024-08-30,5648.39990234375,0.0100930517744243,0.0123185467261495
965,2024-09-03,5528.93017578125,-0.0211510743977117,0.0216244471882584
966,2024-09-04,5520.06982421875,-0.00160254358091039,0.0089364953154341
967,2024-09-05,5503.41015625,-0.00301801761558475,0.0119489123576078
968,2024-09-06,5408.419921875,-0.0172602498592847,0.022159909804988
969,2024-09-09,5471.0498046875,0.0115800702824842,0.00908600044088602
970,2024-09-10,5495.52001953125,0.00447267265283974,0.0102246814144156
971,2024-09-11,5554.1298828125,0.0106650258888965,0.0276281251159355
972,2024-09-12,5595.759765625,0.00749530235893934,0.0116534597032002
973,2024-09-13,5626.02001953125,0.00540771140536448,0.00615357163097768
974,2024-09-16,5633.08984375,0.00125662976566142,0.00559551159408933
975,2024-09-17,5634.580078125,0.000264550081098642,0.0100735552817164
976,2024-09-18,5618.259765625,-0.00289645586249807,0.0132905783979345
977,2024-09-19,5713.64013671875,0.0169768531667634,0.00825216520738518
978,2024-09-20,5702.5498046875,-0.0019410273951238,0.00712837304995315
979,2024-09-23,5718.56982421875,0.00280927305853279,0.00369666701418445
980,2024-09-24,5732.93017578125,0.00251117884434713,0.00633700197452679
981,2024-09-25,5722.259765625,-0.00186124893014171,0.0050626374455295
982,2024-09-26,5745.3701171875,0.00403867571712306,0.00806916710619063
983,2024-09-27,5738.169921875,-0.00125321696699057,0.00635044655393246
984,2024-09-30,5762.47998046875,0.00423655258117669,0.0106916382827049
985,2024-10-01,5708.75,-0.00932410709466436,0.0133917574447121
986,2024-10-02,5709.5400390625,0.000138390902123933,0.0079918666828357
987,2024-10-03,5699.93994140625,-0.00168141349225503,0.00726493057723933
988,2024-10-04,5751.06982421875,0.00897024939527443,0.00876008887952318
989,2024-10-07,5695.93994140625,-0.00958602216588269,0.00921529135379033
990,2024-10-08,5751.1298828125,0.00968934749558198,0.00748375361702872
991,2024-10-09,5792.0400390625,0.00711341198748819,0.00893981823451467
992,2024-10-10,5780.0498046875,-0.00207012283999003,0.00523698247490906
993,2024-10-11,5815.02978515625,0.00605184758795365,0.00808938918637646
994,2024-10-14,5859.85009765625,0.00770766688322228,0.0071401710511306
995,2024-10-15,5815.259765625,-0.00760946633243821,0.0113287944937434
996,2024-10-16,5842.47021484375,0.00467914595657371,0.00653493717165165
997,2024-10-17,5841.47021484375,-0.0001711604789117,0.00654115480044814
998,2024-10-18,5864.669921875,0.00397155273894871,0.00444356782920501
999,2024-10-21,5853.97998046875,-0.00182276949063696,0.00719679311392631
1000,2024-10-22,5851.2001953125,-0.000474853888384397,0.00715581689053177
1001,2024-10-23,5797.419921875,-0.0091913234280694,0.012495203449541
1002,2024-10-24,5809.85986328125,0.00214577201132373,0.00565932459409276
1003,2024-10-25,5808.1201171875,-0.000299447169930092,0.0108193085683685
1004,2024-10-28,5823.52001953125,0.00265144350203404,0.00340684735065047
1005,2024-10-29,5832.919921875,0.00161412724816332,0.00771826463147779
1006,2024-10-30,5813.669921875,-0.00330023388934372,0.00682187960151838
1007,2024-10-31,5705.4501953125,-0.0186147008716995,0.0127036391498603
1008,2024-11-01,5728.7998046875,0.00409250954362613,0.00860560787045852
1009,2024-11-04,5712.68994140625,-0.0028120834783,0.00786326767547134
1010,2024-11-05,5782.759765625,0.0122656445452913,0.0106073650360902
1011,2024-11-06,5929.0400390625,0.025295927786426,0.0120171224229523
1012,2024-11-07,5973.10009765625,0.00743122972748836,0.0061324742953618
1013,2024-11-08,5995.5400390625,0.00375683330923168,0.00595282984601347
1014,2024-11-11,6001.35009765625,0.00096906342979881,0.00510220478546291
1015,2024-11-12,5983.990234375,-0.00289265965137239,0.00832886448639159
1016,2024-11-13,5985.3798828125,0.000232227724824344,0.00706384322867456
1017,2024-11-14,5949.169921875,-0.00604973479485902,0.00867349535042146
1018,2024-11-15,5870.6201171875,-0.0132034898513612,0.0106138801949259
1019,2024-11-18,5893.6201171875,0.00391781439454114,0.00715518154148082
1020,2024-11-19,5916.97998046875,0.00396358482847001,0.0115294840928455
1021,2024-11-20,5917.10986328125,2.19508622521502e-05,0.0101586525635197
1022,2024-11-21,5948.7099609375,0.00534046154058167,0.0127859752943415
1023,2024-11-22,5969.33984375,0.00346795909499154,0.00478110474684766
1024,2024-11-25,5987.3701171875,0.00302048030593835,0.00949329048271696
1025,2024-11-26,6021.6298828125,0.00572200564763034,0.00550513780967667
1026,2024-11-27,5998.740234375,-0.00380123801744006,0.00588290835803741
1027,2024-11-29,6032.3798828125,0.0056077854888152,0.00666236911252215
1028,2024-12-02,6047.14990234375,0.00244845646629995,0.00301795065356767
1029,2024-12-03,6049.8798828125,0.000451449114514578,0.00308761295460896
1030,2024-12-04,6086.490234375,0.0060514179242647,0.0047284697827508
1031,2024-12-05,6075.10986328125,-0.00186977562692477,0.00356370548532872
1032,2024-12-06,6090.27001953125,0.00249545384218151,0.00328232316644289
1033,2024-12-09,6052.85009765625,-0.00614421392729646,0.00658861233453346
1034,2024-12-10,6034.91015625,-0.00296388331394438,0.00588405870271733
1035,2024-12-11,6084.18994140625,0.00816578604823368,0.00533184231897141
1036,2024-12-12,6051.25,-0.00541402252781026,0.00469823189940095
1037,2024-12-13,6051.08984375,-2.64666391241479e-05,0.00707476829780792
1038,2024-12-16,6074.080078125,0.00379935432602211,0.0042886831178461
1039,2024-12-17,6050.60986328125,-0.00386399496580147,0.00371701942170893
1040,2024-12-18,5872.16015625,-0.0294928463516034,0.0345494464411986
1041,2024-12-19,5867.080078125,-0.000865112324907053,0.0118372673267986
1042,2024-12-20,5930.85009765625,0.0108691237689105,0.0252510603775725
1043,2024-12-23,5974.06982421875,0.00728727346853355,0.0126681103515805
1044,2024-12-24,6040.0400390625,0.0110427592553921,0.00971188201909749
1045,2024-12-26,6037.58984375,-0.000405658786473923,0.00701933783335263
1046,2024-12-27,5970.83984375,-0.0110557361012356,0.0122628857042855
1047,2024-12-30,5906.93994140625,-0.0107019957017667,0.0121263942960367
1048,2024-12-31,5881.6298828125,-0.00428480039492741,0.0103509354221109
1049,2025-01-02,5868.5498046875,-0.0022238866412222,0.0179874180345942
1050,2025-01-03,5942.47021484375,0.0125960267214919,0.0102111891698553
1051,2025-01-06,5975.3798828125,0.00553804508545026,0.0102136223360538
1052,2025-01-07,5909.02978515625,-0.0111039128821079,0.0186155771758547
1053,2025-01-08,5918.25,0.00156036019092535,0.00897399595530773
1054,2025-01-10,5827.0400390625,-0.0154116438030668,0.0141701982389818
1055,2025-01-13,5836.22021484375,0.00157544408820074,0.0111887150045191
1056,2025-01-14,5842.91015625,0.00114627981124408,0.011381314828
1057,2025-01-15,5949.91015625,0.0183127922796391,0.0093110485518098
1058,2025-01-16,5937.33984375,-0.00211268946419228,0.00572137143172941
1059,2025-01-17,5996.66015625,0.00999105896935378,0.00609005989662214
1060,2025-01-21,6049.240234375,0.00876822710558286,0.00737776664231142
1061,2025-01-22,6086.3701171875,0.00613794152222758,0.00405499095619487
1062,2025-01-23,6118.7099609375,0.00531348622041148,0.00720087385658646
1063,2025-01-24,6101.240234375,-0.0028551323193988,0.00646424987235241
1064,2025-01-27,6012.27978515625,-0.0145807156908095,0.00902319950810308
1065,2025-01-28,6067.7001953125,0.00921786944996767,0.0131697601525753
1066,2025-01-29,6039.31005859375,-0.00467889576032157,0.00825758517175921
1067,2025-01-30,6071.169921875,0.00527541440531181,0.00974773833425716
1068,2025-01-31,6040.52978515625,-0.00504682575401994,0.0148960411866295
1069,2025-02-03,5994.56982421875,-0.00760859768466669,0.0163814435248568
1070,2025-02-04,6037.8798828125,0.00722488182867975,0.00854767969600774
1071,2025-02-05,6061.47998046875,0.00390867293061432,0.00920564034976568
1072,2025-02-06,6083.56982421875,0.00364429872261852,0.00611478262042093
1073,2025-02-07,6025.990234375,-0.00946477011154291,0.0134948483246562
1074,2025-02-10,6066.43994140625,0.00671254108586277,0.00470457786414419
1075,2025-02-11,6068.5,0.00033958278885927,0.00559280570260361
1076,2025-02-12,6051.97021484375,-0.00272386671438576,0.00991412678351212
1077,2025-02-13,6115.06982421875,0.0104262921222307,0.0107864607982505
1078,2025-02-14,6114.6298828125,-7.19438074946603e-05,0.0032463285655353
1079,2025-02-18,6129.580078125,0.00244498777506112,0.00491389569980356
1080,2025-02-19,6144.14990234375,0.0023769693899173,0.00590484835398637
1081,2025-02-20,6117.52001953125,-0.00433418507617169,0.00815856034645626
1082,2025-02-21,6013.1298828125,-0.0170641267025635,0.0176712906083611
1083,2025-02-24,5983.25,-0.00496910650440239,0.0110006809374086
1084,2025-02-25,5955.25,-0.00467973091547236,0.0141320125886823
1085,2025-02-26,5956.06005859375,0.000136024280047017,0.0129498161626514
1086,2025-02-27,5861.56982421875,-0.0158645536555099,0.0230160452397206
1087,2025-02-28,5954.5,0.0158541446349888,0.020444998924133
1088,2025-03-03,5849.72021484375,-0.0175967394669997,0.0299466779719616
1089,2025-03-04,5778.14990234375,-0.0122348266022004,0.022929525300349
1090,2025-03-05,5842.6298828125,0.0111592778931878,0.0202374185025104
1091,2025-03-06,5738.52001953125,-0.0178190070857499,0.0175027604790781
1092,2025-03-07,5770.2001953125,0.005520617802748,0.0202280202786238
1093,2025-03-10,5614.56005859375,-0.0269730913054258,0.0251756319606728
1094,2025-03-11,5572.06982421875,-0.00756786532365321,0.0193625801257124
1095,2025-03-12,5599.2998046875,0.00488686992944635,0.0171628776826344
1096,2025-03-13,5521.52001953125,-0.0138909842068353,0.0168667110656254
1097,2025-03-14,5638.93994140625,0.0212658690830878,0.0144388701991913
1098,2025-03-17,5675.1201171875,0.00641613071910592,0.012757422019048
1099,2025-03-18,5614.66015625,-0.0106535121176366,0.0101110339631253
1100,2025-03-19,5675.2900390625,0.0107984955678946,0.0164097133664527
1101,2025-03-20,5662.89013671875,-0.00218489315231514,0.0139186567840464
1102,2025-03-21,5667.56005859375,0.000824653447666194,0.0119521884891252
1103,2025-03-24,5767.56982421875,0.0176460001466336,0.00989325839700243
1104,2025-03-25,5776.64990234375,0.00157433345442505,0.0045926746273365
1105,2025-03-26,5712.2001953125,-0.0111569349226272,0.0156174429969571
1106,2025-03-27,5693.31005859375,-0.00330698086076386,0.0107740212844039
1107,2025-03-28,5580.93994140625,-0.019737220708344,0.0203317391039973
1108,2025-03-31,5611.85009765625,0.00553852157065346,0.0247387360155934
1109,2025-04-01,5633.06982421875,0.00378123545590825,0.0163409663930921
1110,2025-04-02,5670.97021484375,0.00672819471579272,0.0218357835491492
1111,2025-04-03,5396.52001953125,-0.0483956333599015,0.0201425560616547
1112,2025-04-04,5074.080078125,-0.0597496053455311,0.043799118451659
1113,2025-04-07,5062.25,-0.00233147249212738,0.081293848615981
1114,2025-04-08,4982.77001953125,-0.0157005245629414,0.0716569882955062
1115,2025-04-09,5456.89990234375,0.0951538764490486,0.0976579518601512
1116,2025-04-10,5268.0498046875,-0.0346075795847269,0.0451552076445509
1117,2025-04-11,5363.35986328125,0.0180920952017089,0.0299606861188579
1118,2025-04-14,5405.97021484375,0.007944712390869,0.0187644284697898
1119,2025-04-15,5396.6298828125,-0.00172778089039471,0.011853733947456
1120,2025-04-16,5275.7001953125,-0.0224083715440897,0.0277593854636816
1121,2025-04-17,5282.7001953125,0.0013268380955801,0.0137675767656256
1122,2025-04-21,5158.2001953125,-0.0235674930238276,0.0254565650075151
1123,2025-04-22,5287.759765625,0.0251172047238951,0.0192784744248306
1124,2025-04-23,5375.85986328125,0.0166611384709602,0.0211166255107627
1125,2025-04-24,5484.77001953125,0.0202591137082812,0.0214120083409234
1126,2025-04-25,5525.2099609375,0.00737313346999847,0.0130764261468429
1127,2025-04-28,5528.75,0.000640706703913083,0.0153778014074158
1128,2025-04-29,5560.830078125,0.00580241069409903,0.0119136889761498
1129,2025-04-30,5569.06005859375,0.00147999135976566,0.026683068203887
1130,2025-05-01,5604.14013671875,0.00629910213858568,0.0109847464717029
1131,2025-05-02,5686.669921875,0.0147265741296347,0.0102732198208873
1132,2025-05-05,5650.3798828125,-0.00638159758893382,0.0086542680948754
1133,2025-05-06,5606.91015625,-0.00769323965185554,0.0113324517946256
1134,2025-05-07,5631.27978515625,0.00434635623313587,0.0135119984538095
1135,2025-05-08,5663.93994140625,0.00579977509483553,0.0149578236563567
1136,2025-05-09,5659.91015625,-0.00071148091221629,0.00839943351574292
1137,2025-05-12,5844.18994140625,0.0325587827490084,0.0101451252709
1138,2025-05-13,5886.5498046875,0.00724820098353224,0.0104679513861297
1139,2025-05-14,5892.580078125,0.00102441559785973,0.00584462849034521
1140,2025-05-15,5916.93017578125,0.00413233207413587,0.00997980421151468
1141,2025-05-16,5958.3798828125,0.00700527229489862,0.008603052325367
1142,2025-05-19,5963.60009765625,0.000876113129142402,0.0122275002818613
1143,2025-05-20,5940.4599609375,-0.00388022944862522,0.00737321575379116
1144,2025-05-21,5844.60986328125,-0.0161351306610142,0.0183861649367936
1145,2025-05-22,5842.009765625,-0.00044487103794303,0.00894559509533086
1146,2025-05-23,5802.81982421875,-0.00670829782532164,0.0107016263223993
1147,2025-05-27,5921.5400390625,0.0204590558452732,0.0118651994992461
1148,2025-05-28,5888.5498046875,-0.00557122541726882,0.00985642322602044
1149,2025-05-29,5912.169921875,0.00401119426190427,0.0117266721087429
1150,2025-05-30,5911.68994140625,-8.11851613016186e-05,0.0132753884670212
1151,2025-06-02,5935.93994140625,0.00410204192715687,0.0127982640175605
1152,2025-06-03,5970.3701171875,0.00580029045460547,0.00876831697678919
1153,2025-06-04,5970.81005859375,7.36874595066555e-05,0.00408154286409166
1154,2025-06-05,5939.2998046875,-0.00527738340309411,0.0132170462144452
1155,2025-06-06,6000.35986328125,0.0102806830100678,0.00637299016164151
1156,2025-06-09,6005.8798828125,0.000919948079285935,0.00451722034770288
1157,2025-06-10,6038.81005859375,0.00548298940767845,0.00707589410068322
1158,2025-06-11,6022.240234375,-0.00274388895460782,0.00947821340623152
1159,2025-06-12,6045.259765625,0.00382241995571753,0.0068732022410379
1160,2025-06-13,5976.97021484375,-0.0112963798792507,0.0105321246467255
1161,2025-06-16,6033.10986328125,0.00939265989615904,0.00776217890710353
1162,2025-06-17,5982.72021484375,-0.00835218479016631,0.00809835552601809
1163,2025-06-18,5980.8701171875,-0.000309240210107054,0.00775135764075925
1164,2025-06-20,5967.83984375,-0.00217865848650589,0.0109989775927874
1165,2025-06-23,6025.169921875,0.00960650413315643,0.0141971164583986
1166,2025-06-24,6092.18017578125,0.0111217201797019,0.00697775909418973
1167,2025-06-25,6092.16015625,-3.28610295039948e-06,0.00466499913759551
1168,2025-06-26,6141.02001953125,0.00802012127523014,0.00639144635177333
1169,2025-06-27,6173.06982421875,0.00521897088522216,0.00896313822790794
1170,2025-06-30,6204.9501953125,0.00516442742453261,0.00646417167240936
1171,2025-07-01,6198.009765625,-0.00111853108712188,0.00529356544329219
1172,2025-07-02,6227.419921875,0.00474509679108812,0.00631241494662435
1173,2025-07-03,6279.35009765625,0.00833895520660737,0.00608183025509348
1174,2025-07-07,6229.97998046875,-0.00786229727912882,0.00980257150267039
1175,2025-07-08,6225.52001953125,-0.000715886881094669,0.00400772870928437
1176,2025-07-09,6263.259765625,0.00606210340266348,0.00602401654739367
1177,2025-07-10,6280.4599609375,0.00274620500444526,0.0061747505244363
1178,2025-07-11,6259.75,-0.00329752296269851,0.00508644015336076
1179,2025-07-14,6268.56005859375,0.00140741380945725,0.00543822559429183
1180,2025-07-15,6243.759765625,-0.00395629821473124,0.00966723025020294
1181,2025-07-16,6263.7001953125,0.00319365741732761,0.0106215609564597
1182,2025-07-17,6297.35986328125,0.00537376740890944,0.00673614384376265
1183,2025-07-18,6296.7900390625,-9.04862086844585e-05,0.00481830322462477
1184,2025-07-21,6305.60009765625,0.0013991348828683,0.00512085107878979
1185,2025-07-22,6309.6201171875,0.000637531633625833,0.00545360189851465
1186,2025-07-23,6358.91015625,0.00781188695151919,0.0067857386381437
1187,2025-07-24,6363.35009765625,0.000698223641654396,0.00325932630716626
1188,2025-07-25,6388.64013671875,0.00397432777929582,0.00427165069224205
1189,2025-07-28,6389.77001953125,0.00017685810881818,0.00395629030136902
1190,2025-07-29,6370.85986328125,-0.00295944238872422,0.0071167542094778
1191,2025-07-30,6362.89990234375,-0.00124943274664973,0.0094548330436316
1192,2025-07-31,6339.39013671875,-0.00369481934115297,0.0156765683558227
1193,2025-08-01,6238.009765625,-0.0159921331401484,0.011957314360268
1194,2025-08-04,6329.93994140625,0.0147371003309161,0.00931762086444806
1195,2025-08-05,6299.18994140625,-0.00485786599630338,0.00899002623182653
1196,2025-08-06,6345.06005859375,0.00728190729509258,0.00815125694101195
1197,2025-08-07,6340,-0.000797480015480178,0.0125221035833991
1198,2025-08-08,6389.4501953125,0.00779971534897476,0.0062509199047441
1199,2025-08-11,6373.4501953125,-0.00250412782178631,0.00677654019137312
1200,2025-08-12,6445.759765625,0.0113454358466128,0.00943101221157683
1201,2025-08-13,6466.580078125,0.00323007888240483,0.00545261408642815
1202,2025-08-14,6468.5400390625,0.000303090801292342,0.00507844080084121
1203,2025-08-15,6449.7998046875,-0.00289713509722915,0.00612263128927663
1204,2025-08-18,6449.14990234375,-0.000100763180785499,0.00273677967034627
1205,2025-08-19,6411.3701171875,-0.0058581031187568,0.00877499888427588
1206,2025-08-20,6395.77978515625,-0.00243166932282628,0.0100910352186122
1207,2025-08-21,6370.169921875,-0.00400418152930892,0.00642682093387545
1208,2025-08-22,6466.91015625,0.0151864448768936,0.0145819704759023
1209,2025-08-25,6439.31982421875,-0.00426638554806349,0.00447719307504622
1210,2025-08-26,6465.93994140625,0.00413399519113491,0.00605637488205361
1211,2025-08-27,6481.39990234375,0.00239098430817433,0.0045083184626802
1212,2025-08-28,6501.85986328125,0.00315671941953488,0.00634741756959716
1213,2025-08-29,6460.259765625,-0.00639818429357165,0.0073046507599195
1214,2025-09-02,6415.5400390625,-0.00692227993686158,0.00872256436664331
1215,2025-09-03,6448.259765625,0.0051000736279843,0.0058155225383302
1216,2025-09-04,6502.080078125,0.00834648640969932,0.00869876376700365
1217,2025-09-05,6481.5,-0.00316515297838883,0.0136804631451053
1218,2025-09-08,6495.14990234375,0.0021059789159531,0.00390751302034488
1219,2025-09-09,6512.60986328125,0.00268815365311271,0.00539720681595388
1220,2025-09-10,6532.0400390625,0.00298346994356276,0.00606707412336038
1221,2025-09-11,6587.47021484375,0.00848589038795995,0.00714846982156214
1222,2025-09-12,6584.2900390625,-0.000482761314667353,0.00314684293060853
1223,2025-09-15,6615.27978515625,0.00470661922696262,0.00265299330319035
1224,2025-09-16,6606.759765625,-0.00128793033824022,0.00406861639401643
1225,2025-09-17,6600.35009765625,-0.00097016816051032,0.0110964165978116
1226,2025-09-18,6631.9599609375,0.00478911918512845,0.00677170372458062
1227,2025-09-19,6664.35986328125,0.00488541887082954,0.00622862007403099
1228,2025-09-22,6693.75,0.00441004647433303,0.0075906716853408
1229,2025-09-23,6656.919921875,-0.00550215919701214,0.00810283765454357
1230,2025-09-24,6637.97021484375,-0.00284661784333326,0.00766806553472885
1231,2025-09-25,6604.72021484375,-0.00500906134312666,0.00753700134706276
1232,2025-09-26,6643.7001953125,0.0059018367471713,0.00670410129191643
1233,2025-09-29,6661.2099609375,0.00263554421636216,0.00492700641643353
1234,2025-09-30,6688.4599609375,0.0040908483833716,0.00751294024236883
1235,2025-10-01,6711.2001953125,0.00339992083496192,0.00927997725350972
1236,2025-10-02,6715.35009765625,0.000618354723891047,0.00576439952862775
1237,2025-10-03,6715.7900390625,6.55128027358612e-05,0.00673043603948193
1238,2025-10-06,6740.27978515625,0.00364659197969338,0.00470903810920428
1239,2025-10-07,6714.58984375,-0.00381140579102155,0.00812116223126529
1240,2025-10-08,6753.72021484375,0.00582766364056814,0.005559942042938
1241,2025-10-09,6735.10986328125,-0.00275557040719528,0.00718773074718862
1242,2025-10-10,6552.509765625,-0.0271116732114136,0.0322960399536795
1243,2025-10-13,6654.72021484375,0.0155986717875575,0.00720844953582715
1244,2025-10-14,6644.31005859375,-0.00156432666046268,0.0189079633529835
1245,2025-10-15,6671.06005859375,0.00402600115950362,0.016790473016647
1246,2025-10-16,6629.06982421875,-0.00629438709982945,0.0174005723930648
1247,2025-10-17,6664.009765625,0.00527071555025712,0.011272510069687
1248,2025-10-20,6735.1298828125,0.010672270853257,0.00806224882274652
1249,2025-10-21,6735.35009765625,3.26964509343718e-05,0.00447346769757888
1250,2025-10-22,6699.39990234375,-0.00533753922086542,0.0128459354342532
1251,2025-10-23,6738.43994140625,0.00582739344293241,0.00732953752900747
1252,2025-10-24,6791.68994140625,0.00790242258787384,0.00515925187468803
1253,2025-10-27,6875.16015625,0.0122900508656712,0.00484931885109495
1254,2025-10-28,6890.89013671875,0.00228794386039871,0.00588745770340611
